,name,price,rating
0,SONY HT-S20R Dolby Digital 400 W Bluetooth Soundbar,"17,990",4.4
1,PHILIPS SPA9120B/94 120 W Bluetooth Tower Speaker,"24,090",4.4
2,boAt Stone 350 10 W Bluetooth Speaker,"1,599",4.3
3,F FERONS Wireless rechargeable portable Premium bass Mu...,362,3.9
4,F FERONS Wireless rechargeable portable Premium Dj bass...,362,3.9
5,Mivi Roam2 5 W Bluetooth Speaker,999,4.3
6,"Mivi Fort S100 with 2 in-built subwoofers, Made in Indi...","4,999",4.5
7,PHILIPS SPA5162/94 60 W Bluetooth Home Theatre,"7,199",4.1
8,"Mivi Fort S60 with 2 in-built subwoofers, Made in India...","3,499",4.6
9,DINGLOT MINI WS – 887 Bluetooth Speaker 5 W Bluetooth G...,261,3.8
10,boAt Stone Grenade 5 W Portable Bluetooth Speaker,"1,199",4.2
11,Oxhox Flip Essential BASS Stereo With FM 10 W Bluetooth...,649,3.8
12,Mivi Play 5 W Portable Bluetooth Speaker,799,4.2
13,etmax NANO PLUS 30 W Bluetooth Home Theatre,949,3.8
14,boAt Stone 350 10 W Bluetooth Speaker,"1,599",4.3
15,PHILIPS SPA5190B/94 90 W Bluetooth Home Theatre,"7,940",4.1
16,boAt Stone 1000 14 W Portable Bluetooth Speaker,"2,799",4.4
17,SONY SA-D40 80 W Bluetooth Home Theatre,"8,935",4.4
18,boAt Aavante Bar 2000 160 W Bluetooth Soundbar,"9,499",4.4
19,PHILIPS SPA4040B/94 45 W Bluetooth Home Theatre,"5,740",4.1
20,ZEBRONICS Zeb-Vita Plus 16 W Bluetooth Laptop/Desktop S...,"1,399",4.1
21,ZEBRONICS Zeb-Vita Plus 16 W Bluetooth Laptop/Desktop S...,"1,399",4.1
22,F FERONS 100% Best Quality Super Bass 3D Sound Wireless...,398,4
23,SHOPLINE SP-T-113-SPKR2 9 W Bluetooth Speaker,379,3.7
24,JBL Flip Essential IPX7 Waterproof 16 W Bluetooth Speak...,"4,999",4.4
25,PTron Fusion 10W Bluetooth Speaker 10 W Bluetooth Speak...,"1,199",4.3
26,boAt Stone 350 10 W Bluetooth Speaker,"1,599",4.3
27,Landmark Pump True Wireless Bluetooth Speaker 20 W Blue...,"2,845",0
28,ZEBRONICS Zeb - Fame 5 watt Laptop/Desktop Speaker,549,4.1
29,boAt Stone 190F 5 W Bluetooth Speaker,"1,199",4.4
30,ZEBRONICS Zeb-Twist 5.1 90 W Bluetooth Home Theatre,"2,899",3.6
31,Landmark Music Bar High Power Compact Sound Bar with Mu...,"1,372",4.1
32,Mivi Play 5 W Portable Bluetooth Speaker,799,4.2
33,boAt Stone 190F 5 W Bluetooth Speaker,"1,199",4.4
34,ZEBRONICS BT4440 RUCF 60 Watt Bluetooth Home Theatre,"3,099",4.1
35,Aroma Studio 1 Pro High Sound Quality With 6 Hours Play...,499,4
36,CIHLEX NEW 2021 A005 Dolby sound Bass With Disco Color ...,644,4
37,ZEBRONICS ZEB-FEEL 4 60 W Bluetooth Home Theatre,"2,299",3.9
38,F FERONS Best Quality Super Bass 3D Sound Wireless rech...,361,4
39,Zeom ®A006 10W (MZ Series) Wireless Bluetooth Portable ...,697,0
40,SAMSUNG HW-T45E/XL With Wireless Subwoofer 200 W Blueto...,"8,499",4.1
41,Megaloyalty WS 01 HEAVY SOUND High Bass speaker Branded...,509,3.9
42,Intex IT-XM BANG SUFB 78 W Bluetooth Home Theatre,"3,599",4.1
43,SHOPLINE SP-T-113-SPKR1 9 W Bluetooth Speaker,349,3.7
44,F&D A111X 35 W Bluetooth Laptop/Desktop Speaker,"2,399",4.2
45,OBDIR tg-113 Portable Mini Blutooth Speaker Ultra High ...,349,3.9
46,Musify Trending Latest Led Bulb With Bluetooth Speaker ...,399,3.9
47,SHOPLINE SP-T-113-SPKR2 9 W Bluetooth Speaker,379,3.7
48,boAt Party Pal 20 15 W Bluetooth Party Speaker,"2,499",4.3
49,Mivi Roam2 5 W Bluetooth Speaker,999,4.3
50,Mivi Play 5 W Portable Bluetooth Speaker,799,4.2
51,Aroma Studio 1 Pro High Sound Quality With 6 Hours Play...,499,4
52,Mivi Roam2 5 W Bluetooth Speaker,999,4.3
53,ZSIV 10W Dj Mini Speaker 3D Bass New Arrival Wireless B...,421,4.2
54,F FERONS 100% Best Quality with Super Bass 3D Sound Wir...,398,4
55,SAMSUNG HW-T42E/XL Dolby Digital 150 W Bluetooth Soundb...,"8,199",4.1
56,boAt Rugby Plus 16 W Bluetooth Speaker,"1,999",4.1
57,Terabyte KUBIX 2W Speakers 2 W Laptop/Desktop Speaker,323,3.9
58,PHILIPS MMS2625B/94 31 W Bluetooth Home Theatre,"3,490",4.2
59,SHOPLINE SP-T-113-SPKR3 9 W Bluetooth Speaker,379,3.7
60,ZEBRONICS Zeb Buddy 100 15 W Bluetooth Party Speaker,"1,499",4.3
61,ZSIV WS887 Super Bass Splashproof Wireless Bluetooth Sp...,284,4.5
62,ZEBRONICS INDIE 105 W Bluetooth Home Theatre,"5,499",4.2
63,U&i Pickup Series 10W Bluetooth Soundbar with 6 Hours B...,999,4.1
64,ZEBRONICS Zeb Vita Pro with TWS 24 W Bluetooth Soundbar,"1,899",4
65,F&D A140X 37 W Bluetooth Home Theatre,"3,099",4.2
66,Ubon SP-70 Cool Bass Portable Speaker Powered with 1600...,"1,099",4.2
67,Onix Portable Party Speaker OPS 20 With Wireless Mic 20...,"5,690",3.7
68,ZEBRONICS ZEB-WARRIOR 10 W Laptop/Desktop Speaker,799,4.2
69,tapfuture Ultra Mini Boost Wireless Portable Bluetooth ...,529,3.8
70,boAt Stone 650 10 W Bluetooth Speaker,"1,799",4.3
71,U&i Sumo Series with Karaoke mic and 6 hours Battery Ba...,859,4
72,F FERONS TG-113 Ultra 3D Dynamic Thunder Sound With Hig...,395,3.9
73,Philips BT40 Portable Bluetooth Speaker,"1,099",4.2
74,ZEBRONICS ZEB-Juke Bar 9400 Pro Dolby 525 W Bluetooth S...,"14,999",4.2
75,IMPEX RHYTHM B 45 W Bluetooth Home Theatre,"4,249",4
76,ZEBRONICS ZEB-SOUND FEAST 500 70 W Bluetooth Party Spea...,"3,999",4.2
77,Mivi Play 5 W Portable Bluetooth Speaker,799,4.2
78,boAt Stone 300 5 W Bluetooth Speaker,"1,299",4.3
79,Panasonic SC-HT550GW-K 150 W Bluetooth Home Theatre,"10,990",3.9
80,Boult Audio BassBox Verve 10 W Bluetooth Speaker,"1,299",4.2
81,INFINITY by Harman Fuze 99 4.5 W Bluetooth Speaker,"1,199",4
82,JBL Moviebar 80 Dolby Digital 110 W Bluetooth Soundbar,"9,499",4.1
83,SONY HT-S20R Dolby Digital 400 W Bluetooth Soundbar,"17,990",4.4
84,F&D 203G 11 W Portable Laptop/Desktop Speaker,"1,499",4.2
85,PHILIPS MMS8085B/94 Convertible 80 W Bluetooth Home The...,"7,940",4.2
86,ZEBRONICS Juke bar 3500 60 W Bluetooth Soundbar,"3,499",4.3
87,PHILIPS SPA9120B/94 120 W Bluetooth Tower Speaker,"24,090",4.4
88,"Chaebol TG-113 Best Bluetooth Wireless Speaker Outdoor,...",449,4.3
89,ZEBRONICS ZEB-WARRIOR 10 W Laptop/Desktop Speaker,788,4.1
90,Oxhox v 5.1 Bluetooth BASS Stereo Sound Drum With FM 10...,399,3.8
91,PHILIPS SPA5162/94 60 W Bluetooth Home Theatre,"7,199",4.1
92,QUANTUM QHM 690 Portable Laptop/Desktop USB 2.0 Powered...,449,4.1
93,ULTADOR Loudspeakers Wireless Speaker with Hands-free S...,521,4.7
94,ZEBRONICS ZEB-COUNTY 3 W Bluetooth Speaker,602,4.1
95,Oxhox Flip Essential BASS Stereo With FM 10 W Bluetooth...,649,3.8
96,boAt Stone 190F 5 W Bluetooth Speaker,"1,199",4.4
97,JBL GO2 Portable Bluetooth Speaker,"2,479",4.3
98,QUANTUM SonoTrix 51 Bluetooth Speaker 5 W Bluetooth Spe...,699,4.8
99,PHILIPS SPA5190B/94 90 W Bluetooth Home Theatre,"7,940",4.1
100,U&i Kingdom Series 8W Wireless Speaker with 10 Hours Ba...,449,3.9
101,boAt Aavante Bar 90 W Bluetooth Soundbar,"5,799",4.3
102,SONY SRS-XB13 Bluetooth Speaker,"3,990",4
103,PHILIPS SPA4040B/94 45 W Bluetooth Home Theatre,"5,740",4.1
104,CIHYARD TG-113 Mini Bluetooth Portable Home Speaker Com...,379,3.7
105,boAt Aavante Bar 1200 80 W Bluetooth Soundbar,"6,799",4.4
106,CIHLEX CX-887 Bluetooth Speaker 3D Bass New Arrival Wir...,284,3.8
107,Aroma Studio 1 Pro High Sound Quality With 6 Hours Play...,499,4
108,I Kall IK409 - 4.1 CHANNEL - BT 60 W Bluetooth Home The...,"1,994",3.9
109,boAt Stone 500 with RGB lights 10 W Bluetooth Speaker,"1,799",3.6
110,F FERONS 100% GOOD QUALITY A005|3D Thumping sound| Spla...,349,4
111,Landmark Pump True Wireless Bluetooth Speaker 20 W Blue...,"2,845",0
112,"boAt Aavante Bar 1600D with Dolby Digital, Wired Subwoo...","8,999",4.2
113,ZSIV E-91 Home Theater Long Life Battery Backup Dj Spea...,"1,061",4
114,INFINITY by Harman Fuze Pint 2.5 W Bluetooth Speaker,799,4.2
115,Landmark Music Bar High Power Compact Sound Bar with Mu...,"1,372",4.1
116,PHILIPS SPA5128B/94 40 W Bluetooth Home Theatre,"4,440",4.1
117,KRISONS Redblast 5.1 Bluetooth Home Theatre,"2,156",3.9
118,boAt Stone Cuboid with upto 5.5 Hours Playback Time 5 W...,"1,099",4
119,Zeom ®A006 10W (MZ Series) Wireless Bluetooth Portable ...,697,0
120,Highstairs DJ Sound Premium Design Stereobass Built-in ...,"1,599",3.8
121,Portronics Pure Sound 103 100 W Bluetooth Soundbar,"4,799",3.2
122,I Kall IK401 BT 60 W Bluetooth Home Theatre,"1,899",3.7
123,SHOPLINE SP-T-113-SPKR1 9 W Bluetooth Speaker,349,3.7
124,Megaloyalty WS-04 Amplified Sound Box Mini home theatre...,719,4
125,"TOPLUS TP-1600A Bluetooth Home Theatre (Black, 4.1 Chan...","1,799",3.8
126,JBL Flip 3 Splashproof 16 W Portable Bluetooth Speaker,"5,699",4.4
127,SAMSUNG HW-T42E/XL Dolby Digital 150 W Bluetooth Soundb...,"8,199",4.1
128,SAMSUNG HW-A67E/XL With Wireless Subwoofer 510 W Blueto...,"24,990",4.3
129,Intex MM Speaker 2.1 CRYSTAL FMUB 45 W Bluetooth Home T...,"2,799",4
130,ZSIV WS 887 Super Bass Splashproof Wireless Bluetooth S...,282,4.4
131,Aroma Studio 1 Pro High Sound Quality With 6 Hours Play...,499,4
132,F FERONS Wireless rechargeable portable Premium bass Mu...,396,3.9
133,F FERONS 3D Sound Thumping Bass| Splashproof| Water res...,349,4
134,boAt Rugby 10 W Portable Bluetooth Speaker,"1,399",4.2
135,U&i Pickup Series 10W Bluetooth Soundbar with 6 Hours B...,999,4.1
136,SONY SRS-XB13 Bluetooth Speaker,"3,915",4
137,TECNIA Atom 508 Bluetooth 5.1 Channel Home Theater Mult...,"2,590",3.9
138,boAt Aavante Bar 3100D 260 W Bluetooth Soundbar,"13,999",4.2
139,Onix Portable Party Speaker OPS 20 With Wireless Mic 20...,"5,690",3.7
140,Frontech SW -0039 USB Powered 3 W Laptop/Desktop Speake...,376,4.1
141,ZEBRONICS Zeb-Juke Bar 7400 Pro 5.1 180 W Bluetooth Sou...,"9,999",4.2
142,I Kall ik44bt 40 W Bluetooth Home Theatre,"1,329",3.8
143,Mivi Play 5 W Portable Bluetooth Speaker,799,4.2
144,Borneo Ultra 3d sound blast With rich premium Super dee...,348,3.8
145,OBDIR Portable rechargeable multimedia wireless Stereo ...,385,3.9
146,Terabyte 015 1 Laptop/Desktop Speaker,356,4
147,U&i Sumo Series with Karaoke mic and 6 hours Battery Ba...,859,4
148,saregama Carvaan Premium 10 W Portable Bluetooth Home A...,"6,990",4.4
149,Blaupunkt SBA20F 16 W Bluetooth Soundbar,"1,699",4
150,ZEBRONICS ZEB - PEBBLE NEW Laptop/Desktop Speaker,579,4.1
151,IMPEX RHYTHM B 45 W Bluetooth Home Theatre,"4,249",4
152,MOTOROLA AmphisoundX with HDMI Arc 120 W Bluetooth Home...,"8,999",4.2
153,Juxtex smart bulb With Bluetooth Remote Colour Chang 5 ...,319,3.6
154,boAt Stone 190F 5 W Bluetooth Speaker,"1,299",4.4
155,Panasonic SC-HT550GW-K 150 W Bluetooth Home Theatre,"10,990",3.9
156,F&D F550X 56 W Bluetooth Home Theatre,"4,699",4.3
157,Intex 2.1 Bang Plus FMUB OS 54 W Bluetooth Home Theatre,"2,999",4.1
158,Gizmore TWIN 2010 10 W Laptop/Desktop Speaker,529,4
159,Aroma Studio 3 5 W Bluetooth Speaker,581,3.9
160,F FERONS Wireless rechargeable portable Premium bass Mu...,396,3.9
161,TECNIA Atom 508 Bluetooth 5.1 Channel Home Theater Mult...,"2,590",3.9
162,boAt Rugby 10 W Portable Bluetooth Speaker,"1,399",4.2
163,PHILIPS SPA9120B/94 120 W Bluetooth Tower Speaker,"24,090",4.4
164,SONY SRS-XB13 Bluetooth Speaker,"3,915",4
165,"QUANTUM SonoTrix 51 Bluetooth Speaker, 5 W Waterproof (...",699,4.3
166,F FERONS 100% Branded 3D sound Portable Splash proof Bl...,349,4.2
167,SHOPLINE SP-T-113-SPKR2 9 W Bluetooth Speaker,379,3.7
168,ZSIV WS 887 Super Bass Splashproof Wireless Bluetooth S...,282,4.4
169,Intex MM Speaker 2.1 CRYSTAL FMUB 45 W Bluetooth Home T...,"2,799",3.9
170,SAMSUNG HW-A67E/XL With Wireless Subwoofer 510 W Blueto...,"24,990",4.3
171,Oxhox Flip Essential BASS Stereo With FM 10 W Bluetooth...,649,3.8
172,Frontech SW -0039 USB Powered 3 W Laptop/Desktop Speake...,376,4.1
173,Treadmill New features Popular Arrival Wireless Subwoof...,497,3.8
174,"boAt Stone 1350 with Upto 5 Hours Playback Time, Passiv...","3,999",3.7
175,PHILIPS SPA5162/94 60 W Bluetooth Home Theatre,"7,199",4.1
176,boAt Aavante Bar 3100D 260 W Bluetooth Soundbar,"13,999",4.2
177,I Kall ik44bt 40 W Bluetooth Home Theatre,"1,329",3.8
178,9 CORE New Jumbo High Bass Sound System 9500 W Bluetoot...,"3,740",3.6
179,SHOPLINE SP-T-113-SPKR4 9 W Bluetooth Speaker,379,3.7
180,ZEBRONICS Zeb-Juke Bar 7400 Pro 5.1 180 W Bluetooth Sou...,"9,999",4.2
181,MOTOROLA AmphisoundX with HDMI Arc 100 W Bluetooth Soun...,"3,499",4.2
182,OBDIR Portable rechargeable multimedia wireless Stereo ...,385,3.9
183,PHILIPS SPA4040B/94 45 W Bluetooth Home Theatre,"5,740",4.1
184,boAt Aavante Bar 900 30 W Bluetooth Soundbar,"3,299",4
185,ZEBRONICS Zeb-Vita Plus 16 W Bluetooth Laptop/Desktop S...,"1,499",4.1
186,Borneo Ultra 3d sound blast With rich premium Super dee...,348,3.8
187,PHILIPS SPA5190B/94 90 W Bluetooth Home Theatre,"7,940",4.1
188,Terabyte 015 1 Laptop/Desktop Speaker,356,4
189,saregama Carvaan Premium 10 W Portable Bluetooth Home A...,"6,990",4.4
190,MOTOROLA AmphisoundX with HDMI Arc 120 W Bluetooth Home...,"8,999",4.2
191,Zeom ®A006 10W (MZ Series) Wireless Bluetooth Portable ...,697,0
192,Clerby Best Quality New Trending Mini Coin Size Stereo ...,399,5
193,Blaupunkt SBA20F 16 W Bluetooth Soundbar,"1,699",4
194,ZEBRONICS ZEB - PEBBLE NEW Laptop/Desktop Speaker,579,4.1
195,Landmark Pump True Wireless Bluetooth Speaker 20 W Blue...,"2,845",0
196,SONY HT-S20R Dolby Digital 400 W Bluetooth Soundbar,"17,990",4.4
197,boAt Stone 190F 5 W Bluetooth Speaker,"1,299",4.4
198,Juxtex smart bulb With Bluetooth Remote Colour Chang 5 ...,319,3.6
199,Landmark Music Bar High Power Compact Sound Bar with Mu...,"1,372",4.1
200,APPLE HomePod Mini with Siri Assistant Smart Speaker,"8,499",4.6
201,ZSIV Premium Bass Bluetooth Speaker Soundbar mini Home ...,474,4.1
202,ZSIV Dj Bass Bar Studio Bluetooth Soundbar Moviebar Par...,"1,044",3.9
203,SHOPLINE SP-T-113-SPKR2 9 W Bluetooth Speaker,379,3.7
204,ZEBRONICS Axon Bluetooth Speaker,"1,299",4
205,boAt Stone 1500 40 W Bluetooth Speaker,"6,990",4.5
206,Treadmill WS-02 New features Popular Arrival Wireless S...,497,3.7
207,Aroma Studio 1 Pro High Sound Quality With 6 Hours Play...,499,4
208,ZEBRONICS Zeb-Juke Bar 6000DWS-Pro 160 W Bluetooth Soun...,"8,799",4.3
209,ZEBRONICS Zeb-County Built-in FM Radio Aux Input 3 W Bl...,657,4.1
210,Megaloyalty WS 01 HEAVY SOUND BOOM BLAST High Bass spea...,509,4
211,SAMSUNG HW-T42E/XL Dolby Digital 150 W Bluetooth Soundb...,"8,199",4.1
212,Classic CESR SWF120 W 10 INCH 120/20mgt 120 W PA Speake...,765,4
213,Blaupunkt SBA03 100 W Bluetooth Soundbar,"5,499",4
214,XEWISS branded original top selling 10w e91 01 tv sound...,"1,032",4.2
215,U&i Pickup Series 10W Bluetooth Soundbar with 6 Hours B...,999,4.1
216,Mivi Play 5 W Portable Bluetooth Speaker,799,4.2
217,JBL Flip 4 16 W Portable Bluetooth Speaker,"7,999",4.4
218,Google Nest Mini (2nd Gen) with Google Assistant with G...,"3,999",4.3
219,Onix Portable Party Speaker OPS 20 With Wireless Mic 20...,"5,690",3.7
220,ZSIV DJ Wireless Rechargeable Brand New Top Selling Por...,399,3.6
221,CIHLEX Like Dj Sound Power Boost High Sound Blast With ...,379,4.1
222,"SEVEN R 007 HI BASS , 5.1 TOWER SPEAKER 120 W Bluetooth...","4,499",4.2
223,ATARC 311 Premium Shockproof & Bluetooth Speaker Red 10...,461,3.9
224,ZEBRONICS Space Car 20 W Bluetooth Party Speaker,"2,299",4.1
225,Blue Birds High Qulity YD-668 /FJ 668 Wireless Bluetoot...,549,3.2
226,F FERONS New Offer Dual Horn Dj Sound Power boost high ...,365,3.7
227,Mivi Play 5 W Portable Bluetooth Speaker,799,4.2
228,p.joy p.Jbl mini bluetooth speaker best sound quality 5...,988,3.3
229,Intex IT-2616 BT 55 W Bluetooth Home Theatre,"2,499",3.8
230,PHILIPS MMS2550B/94 Dhoom 28 W Bluetooth Home Theatre,"4,130",4.2
231,Panasonic SC-HT550GW-K 150 W Bluetooth Home Theatre,"10,990",3.9
232,KRISONS Cylender 30 W Bluetooth Tower Speaker,"1,519",3.9
233,Megaloyalty NEW ws-04 Portable Bluetooth Speaker 5.0 Wi...,659,4
234,JBL Pulse 4 20 W Bluetooth Speaker,"19,099",4.6
235,U&i Sumo Series with Karaoke mic and 6 hours Battery Ba...,859,4
236,JBL by Harman FLIP 5 20 W Bluetooth Speaker,"10,599",4.3
237,DAB 5 inch Yellow Speaker Woofer 72x15 for Column / Tow...,280,3.7
238,Marshall Acton II 60 W Bluetooth Speaker,"24,999",4.5
239,IMPEX RHYTHM B 45 W Bluetooth Home Theatre,"4,249",4
240,Yashvi toys Ultra Mini Boost Bluetooth Speaker | Pocket...,429,3.9
241,ULTADOR WOODEN Home theatre system Wooden Super Bass su...,521,3.7
242,APPLE HomePod Mini with Siri Assistant Smart Speaker,"8,499",4.6
243,Aroma Studio 1 Pro High Sound Quality With 6 Hours Play...,499,4
244,Worricow Heavy Body Mterial X-BASS Wireless Bluetooth P...,"1,499",3.7
245,SONY SRS-XB13 Bluetooth Speaker,"3,990",4
246,realme Pocket Speaker with Bass Radiator 3 W Bluetooth ...,"1,099",4.2
247,SHOPLINE SP-T-113-SPKR4 9 W Bluetooth Speaker,379,3.7
248,CIHLEX WS-02 Mini Home Theatre HiFi Full Range Woofer L...,462,3.6
249,TAGG Sonic-Angle-1 10 W Bluetooth Speaker,"2,499",4.5
250,DINGLOT Wireless Portable Speaker with Memory Card Slot...,261,3.8
251,SAMSUNG HW-T42E/XL Dolby Digital 150 W Bluetooth Soundb...,"8,199",4.1
252,DAGTUL WS-04 Wireless Led Disco LightEasy to Carry WS-0...,664,4
253,Cubonic mini coin size wireless speaker (1 year warrant...,441,0
254,CIHLEX Wireless multimidea Subwoofer Super Bass TF-card...,399,4
255,U&i Pickup Series 10W Bluetooth Soundbar with 6 Hours B...,999,4.1
256,Soundcore by Anker Motion Plus 30 W Bluetooth Party Spe...,"7,999",4.7
257,INFINITY by Harman Fuze 99 4.5 W Bluetooth Speaker,"1,199",4
258,IKALL IK-401 60W Bluetooth Home Theatre System with FM/...,"1,899",3.7
259,SHOPLINE SP-T-113-SPKR3 9 W Bluetooth Speaker,379,3.7
260,I Kall Ik888 60 W Bluetooth Home Theatre,"2,089",3.9
261,Ubon SP-15A Wireless Portable Speaker | Built-in FM Mod...,672,4.1
262,Oxhox MGA BASS Stereo SoundDrum With FM 10 W Bluetooth ...,399,3.8
263,ATARC 311 Premium Shockproof & Bluetooth Speaker Red 10...,461,3.9
264,WOOS Super deep Bass Ultra DJ Sound Blast Portable Wire...,849,3.6
265,Yashvi toys Ultra Mini Boost Bluetooth Speaker | Pocket...,429,3.9
266,APPLE HomePod Mini with Siri Assistant Smart Speaker,"8,499",4.6
267,Onix Portable Party Speaker OPS 20 With Wireless Mic 20...,"5,690",3.7
268,ZSIV Dj Bass Bar Studio Bluetooth Soundbar Moviebar Par...,"1,044",3.9
269,ZSIV Premium Bass Bluetooth Speaker Soundbar mini Home ...,474,4.1
270,CIHYARD C-005 5 Watt Wireless Bluetooth Portable Speake...,426,4.7
271,U&i Sumo Series with Karaoke mic and 6 hours Battery Ba...,859,4
272,ZEBRONICS Axon Bluetooth Speaker,"1,299",4
273,Pebble Pebble Dome Black 5 W Bluetooth Speaker,999,4.1
274,ZEBRONICS ZEB-WARRIOR II 10 W Laptop/Desktop Speaker,760,4.3
275,Mivi Play 5 W Portable Bluetooth Speaker,799,4.2
276,ZEBRONICS Zeb-Juke Bar 6000DWS-Pro 160 W Bluetooth Soun...,"8,799",4.3
277,Treadmill WS-02 New features Popular Arrival Wireless S...,497,3.7
278,boAt Stone 1500 40 W Bluetooth Speaker,"6,990",4.5
279,IMPEX RHYTHM B 45 W Bluetooth Home Theatre,"4,249",4
280,ZSIV DJ Wireless Rechargeable Brand New Top Selling Por...,399,3.6
281,CIHLEX Like Dj Sound Power Boost High Sound Blast With ...,379,4.1
282,ZEBRONICS Space Car 20 W Bluetooth Party Speaker,"2,299",4.1
283,SHOPLINE SP-T-113-SPKR1 9 W Bluetooth Speaker,349,3.7
284,ZEBRONICS Zeb-Vita Plus 16 W Bluetooth Laptop/Desktop S...,"1,399",4.1
285,ZEBRONICS Zeb-Juke Bar 9200 Digital Wireless Subwoofer ...,"11,499",4.1
286,"SEVEN R 007 HI BASS , 5.1 TOWER SPEAKER 120 W Bluetooth...","4,499",4.2
287,PHILIPS SPA9120B/94 120 W Bluetooth Tower Speaker,"24,090",4.4
288,Intex IT-2616 BT 55 W Bluetooth Home Theatre,"1,989",3.8
289,Blue Birds High Qulity YD-668 /FJ 668 Wireless Bluetoot...,549,3.2
290,F FERONS New Offer Dual Horn Dj Sound Power boost high ...,365,3.7
291,SONY HT-S20R Dolby Digital 400 W Bluetooth Soundbar,"17,990",4.4
292,PHILIPS MMS2550B/94 Dhoom 28 W Bluetooth Home Theatre,"4,130",4.2
293,p.joy p.Jbl mini bluetooth speaker best sound quality 5...,988,3.3
294,JBL by Harman FLIP 5 20 W Bluetooth Speaker,"10,599",4.3
295,SHOPLINE SP-T-113-SPKR2 9 W Bluetooth Speaker,379,3.7
296,"ULTADOR 887 Mini Bluetooth Speaker with FM Radio, Memor...",273,4
297,Treadmill BEST BUY WS-02 Multimedia subwoofer home thea...,498,3.8
298,JBL Pulse 4 20 W Bluetooth Speaker,"19,099",4.6
299,PHILIPS SPA5190B/94 90 W Bluetooth Home Theatre,"7,940",4.1
300,KRISONS Cylender 30 W Bluetooth Tower Speaker,"1,519",3.9
301,Megaloyalty NEW ws-04 Portable Bluetooth Speaker 5.0 Wi...,659,4
302,Techobucks Sourround Sound 40 Watts Wireless Bluetooth ...,"1,499",3.9
303,Oxhox Flip Essential BASS Stereo With FM 10 W Bluetooth...,649,3.8
304,PHILIPS SPA8140B/94 38 W Bluetooth Home Theatre,"5,180",4.1
305,"KRISONS Rocky 8-inch Woofer, Free Wired Mic, 4 hours Pl...","1,599",0
306,Panasonic SC-HT22GW-K 50 W Bluetooth Home Theatre,"4,499",4.2
307,PHILIPS SPA4040B/94 45 W Bluetooth Home Theatre,"5,740",4.1
308,SONY SRS-XB43 Bluetooth Speaker,"16,990",4.5
309,DAB 5 inch Yellow Speaker Woofer 72x15 for Column / Tow...,280,3.7
310,MOTOROLA AmphisoundX with HDMI Arc 160 W Bluetooth Soun...,"7,999",4.2
311,SHOPLINE SP-T-113-SPKR4 9 W Bluetooth Speaker,379,3.7
312,JBL Xtreme 3 with In-Built Powerbank Portable 50 W Blue...,"25,000",0
313,saregama Carvaan Mini SCM02 3 W Bluetooth Speaker,"2,099",4.3
314,MOTOROLA AmphisoundX Convertible Soundbar 70 W Bluetoot...,"6,499",4
315,Landmark Pump True Wireless Bluetooth Speaker 20 W Blue...,"2,845",0
316,ZEBRONICS Delight Portable Wireless Bluetooth Speaker,590,3.9
317,DINGLOT MINI WS – 887 Bluetooth Speaker 5 W Bluetooth S...,261,3.8
318,LG SL4 300 W Bluetooth Soundbar,"10,499",3.9
319,Landmark Music Bar High Power Compact Sound Bar with Mu...,"1,372",4.1
320,KRISONS Polo Bluetooth Home Theatre,"2,427",3.9
321,I Kall IK201 BT 40 W Bluetooth Laptop/Desktop Speaker,"1,329",3.6
322,Panasonic SC-HT460GW-K 100 W Bluetooth Home Theatre,"7,999",4.2
323,SHOPLINE SP-T-113-SPKR1 9 W Bluetooth Speaker,349,3.7
324,JOKIN Wireless Bluetooth speaker with mic and disco lig...,799,4
325,ZEBRONICS ZEB-JUKE BAR 9800 DWS Pro Dolby Atmos With Wi...,"19,999",4.2
326,ATARC Royal kt-125 Portable Mini Blutooth Speaker Ultra...,466,4
327,PHILIPS SPA9120B/94 120 W Bluetooth Tower Speaker,"24,090",4.4
328,SONY HT-S40R 600 W Bluetooth Soundbar,"26,990",4.2
329,XEWISS RGB Music bulb 02 bluetooth speaker with multi c...,339,3.7
330,PHILIPS SPA5190B/94 90 W Bluetooth Home Theatre,"7,940",4.1
331,SONY HT-S20R Dolby Digital 400 W Bluetooth Soundbar,"17,990",4.4
332,WOOS Ws-03 Speaker With Mic Super Bass Bluetooth Wirele...,719,0
333,ZEBRONICS Zeb-County 3 W Bluetooth Speaker,640,4.1
334,Qexle Bluetooth Speaker:- Multi functional wireless mus...,806,3.8
335,PHILIPS SPA5162/94 60 W Bluetooth Home Theatre,"7,199",4.1
336,JBL GO 3 4.2 W Bluetooth Speaker,"3,699",4.3
337,I Kall IK411 - 4.1 CHANNEL - BT 70 W Bluetooth Home The...,"1,994",3.8
338,Treadmill TOP BARND TG-113 Mini Home Theatre Ultra DJ S...,439,4
339,Oxhox Flip Essential BASS Stereo With FM 10 W Bluetooth...,649,3.8
340,SONY SRS-XB23 Bluetooth Speaker,"8,990",4.1
341,MZ M10 (PORTABLE BLUETOOTH MINI SPEAKER) Dynamic Metal ...,549,3.7
342,Eccellente HT136 Bluetooth Tower Speaker,"2,297",3.9
343,PHILIPS SPA4040B/94 45 W Bluetooth Home Theatre,"5,740",4.1
344,Musify BEST BUY WS-04 Loud Stereo Sound & Rich Bass Por...,718,3.9
345,CIHLEX E-91 Bluetooth speakers TV SOUNDBAR Original Qua...,938,0
346,boAt Aavante Bar 120 W Bluetooth Soundbar,"8,199",4.4
347,SHOPLINE SP-T-113-SPKR4 9 W Bluetooth Speaker,379,3.7
348,Drezel Multifunctions Multimedia Bluetooth Mini Tower S...,"1,295",3.7
349,AMKETTE Boomer Compact 10 W Bluetooth Soundbar,999,4
350,F&D T 200X 70 W Bluetooth Soundbar,"6,499",4.3
351,Landmark Pump True Wireless Bluetooth Speaker 20 W Blue...,"2,845",0
352,Intex Beast 801 10 W Bluetooth Speaker,"1,599",4.1
353,mafya TG-113 Best Portable Powerful Stereo Super Bass S...,399,3.7
354,Clavier Supersonic 10 W Bluetooth Speaker,"1,175",4.2
355,Landmark Music Bar High Power Compact Sound Bar with Mu...,"1,372",4.1
356,Portronics Chime 20 W Bluetooth Party Speaker,"1,799",3.8
357,JBL Clip4 5 W Bluetooth Speaker,"4,499",4.4
358,KRISONS Polo 7.1 |App Enabled Smart Home Theater 7.1|Bl...,"2,460",3.6
359,Zeom ®A006 10W (MZ Series) Wireless Bluetooth Portable ...,697,0
360,Portronics Chime 20 W Bluetooth Party Speaker,"1,799",3.8
361,Portronics SoundDrum POR871 10 W Bluetooth Speaker,"1,799",4.4
362,jprc Ultra Mini Boost Wireless Portable Bluetooth Speak...,375,3.4
363,SHOPLINE SP-T-113-SPKR1 9 W Bluetooth Speaker,349,3.7
364,Qexle speaker disco ball light big trolley bt lighting ...,630,3.9
365,Intex Beast 1000 10 W Bluetooth Soundbar,"1,699",4.2
366,ZEBRONICS Zeb- Bellow 40 8 W Bluetooth Speaker,"1,045",4.2
367,SHOPLINE SP-T-113-SPKR2 9 W Bluetooth Speaker,379,3.7
368,Portronics Dash 40 W Bluetooth Home Audio Speaker,"5,799",4.2
369,kluzie TOP SELLING WS-03 Super Bass Portable Wireless s...,699,3.7
370,LG OK75 XBOOM 1000 W Bluetooth Party Speaker,"35,999",4.3
371,Aroma Studio 1 Pro High Sound Quality With 6 Hours Play...,499,4
372,XEWISS PLEASE DO FIRST CHARGE 20 MINUTS BEFOURE USE WS-...,524,4.3
373,PSYTECH Mini boost 2 15 W Bluetooth Speaker,598,3.5
374,MOTOROLA AmphisoundX with HDMI Arc 150 W Bluetooth Home...,"11,499",4.1
375,SHOPLINE SP-T-113-SPKR4 9 W Bluetooth Speaker,379,3.7
376,world voice BT Speaker Led Light Subwoofer DJ Speaker S...,975,3
377,MZ A006 (PORTABLE BLUETOOTH SPEAKER) 2200mAh Battery 10...,629,3.9
378,F FERONS Best quality New Arriving Portable Splash proo...,328,4.2
379,SAMSUNG HW-T42E/XL Dolby Digital 150 W Bluetooth Soundb...,"8,199",4.1
380,Google Nest Mini (2nd Gen) with Google Assistant Smart ...,"3,999",4.3
381,"boAt Stone 850 with ASAP Charge, upto 13 Hours Playback...","2,299",3.7
382,"ZEBRONICS WARRIOR II 2.0 CHANNEL USB SPEAKER, LED LIGHT...",599,4.1
383,U&i Pickup Series 10W Bluetooth Soundbar with 6 Hours B...,999,4.1
384,Soundcore by Anker Flare 2 20 W Bluetooth Party Speaker,"5,499",4.6
385,electrobuzz DJ TOWER 500W SPEAKER 25000 PMPO 500 W Blue...,"3,269",3.7
386,boAt Aavante Bar 1400 with Remote Control 120 W Bluetoo...,"7,999",4
387,SHOPLINE SP-T-113-SPKR3 9 W Bluetooth Speaker,379,3.7
388,ZEBRONICS Zeb- Delight 10 5 W Bluetooth Speaker,795,4.2
389,Intex 2.1 Bomb TUFB OS 86 W Bluetooth Home Theatre,"4,899",4.2
390,LEERFIE Trolley Wireless Portable Bluetooth Speaker Led...,664,4.7
391,Onix Portable Party Speaker OPS 20 With Wireless Mic 20...,"5,690",3.7
392,ZEBRONICS Zeb-County Bluetooth Speaker with Built-in FM...,653,4.1
393,Portronics Pure Sound 1 60 W Bluetooth Soundbar,"3,329",4.2
394,SONY MHC-V13 Bluetooth Tower Speaker,"19,990",4.4
395,ATARC 311 Premium Shockproof & Bluetooth Speaker Red 10...,461,3.9
396,realme RMV2002 100 W Bluetooth Soundbar,"6,999",4.2
397,scherzando Multimedia Speaker System AD2300 4.1 home th...,"1,749",3.6
398,Treadmill MINI Home Theatre TG-143 DJ Sound box Best Pa...,749,4.4
399,Mivi Play 5 W Portable Bluetooth Speaker,799,4.2
400,INFINITY by Harman Fuze Pint 2.5 W Bluetooth Speaker,799,4.2
401,ZEBRONICS Sound Feast 50 14 W Bluetooth Speaker,"1,745",4
402,ZEBRONICS Supernova New Laptop/Desktop Speaker,649,4.2
403,SHOPLINE SP-T-113-SPKR1 9 W Bluetooth Speaker,349,3.7
404,Panasonic SC-HT250GW-K 56 W Bluetooth Home Theatre,"5,499",4.2
405,WOOS TOP SELLING Super Bass Portable Wireless Sound Box...,499,3.8
406,CIHLEX A007 Dj Mini Speaker 3D Bass New Arrival Wireles...,674,4.7
407,PHILIPS SPA9120B/94 120 W Bluetooth Tower Speaker,"24,090",4.4
408,CIHLEX New Good Quality Wooden Wireless Speaker with wi...,474,0
409,Zoook ZK-Gladiator 55 W Bluetooth Party Speaker,"3,699",4.1
410,"ULTADOR TV SOUNDBAR ,HOME SOUNDBAR E-91 Super Bass Blue...",893,4.5
411,SONY HT-S20R Dolby Digital 400 W Bluetooth Soundbar,"17,990",4.4
412,KRISONS Cloud Buster Speaker | Bluetooth Supporting Tow...,"2,840",4.1
413,Logitech Z906 1000 W Home Theatre,"25,999",4.2
414,Zoook ZK-Twin Blaster 20 W Bluetooth Party Speaker,"1,999",4
415,PHILIPS SPA5162/94 60 W Bluetooth Home Theatre,"7,199",4.1
416,Musify Ws887 Mini Sound Box Wireless portable TF-card s...,299,3.7
417,Croma Party Speaker 1400 Watts Dynamic Bass Boost CREY3...,"14,990",4.2
418,INFINITY by Harman Fuze 200 15 W Bluetooth Speaker,"2,999",3.7
419,Oxhox Flip Essential BASS Stereo With FM 10 W Bluetooth...,649,3.8
420,I Kall IK441 Home Theatre 60 W Bluetooth Home Theatre,"3,499",0
421,F FERONS Best Buy Bluetooth Speaker Mini Bluetooth Soun...,261,3.7
422,F FERONS 100% GOOD QUALITY Mini Portable Wireless Speak...,349,4
423,PHILIPS SPA5190B/94 90 W Bluetooth Home Theatre,"7,940",4.1
424,Worricow Brand New X-BASS Wireless Bluetooth Portable P...,"1,549",3.9
425,F FERONS WS-887 Mini Bluetooth Speaker | Superb Sound Q...,261,3.8
426,POZUB Trendy PUZB-TG113 SPEAKER WITH CARING BAG CASE CO...,438,4.2
427,SHOPLINE SP-T-113-SPKR4 9 W Bluetooth Speaker,379,3.7
428,Noise Zest 3 W Bluetooth Speaker,999,4.2
429,Target TARGET TT-D5142 FM-USB-BT 5.1 Channel Multimedia...,"4,999",4.2
430,Noise Zest 3 W Bluetooth Speaker,999,4.2
431,PHILIPS SPA4040B/94 45 W Bluetooth Home Theatre,"5,740",4.1
432,ZSIV Dj Mini Speaker 3D Bass New Arrival Wireless Bluet...,"1,062",3.8
433,Hoatzin New Arriving Power boost high sound blast R5 wi...,349,3.9
434,I Kall IK 101 Lighting Bluetooth Rechargeable Speaker w...,521,3.5
435,Landmark Pump True Wireless Bluetooth Speaker 20 W Blue...,"2,845",0
436,Zoook ZB-ROCKER THUNDER 20 W Bluetooth Party Speaker,"1,999",4
437,ZEBRONICS ZEB-JellyFish Pro 73 W Bluetooth Home Theatre,"4,287",4.1
438,"Treadmill Multimedia Speaker with Aux Connectivity,USB ...",444,4.1
439,Landmark Music Bar High Power Compact Sound Bar with Mu...,"1,372",4.1
440,Megaloyalty New Arriving Power boost high sound blast w...,460,4.2
441,F&D F210X 15 W Portable Bluetooth Laptop/Desktop Speake...,"2,499",4.2
442,Blue Birds High Qulity YD-668 /FJ 668 Wireless Bluetoot...,549,3.5
443,PHILIPS SPA9120B/94 120 W Bluetooth Tower Speaker,"24,090",4.4
444,Zoook Rocker Thunder XL 50 W Bluetooth Party Speaker,"6,399",4
445,SHOPLINE SP-T-113-SPKR4 9 W Bluetooth Speaker,379,3.7
446,SAMSUNG HW-T400/XL 40 W Bluetooth Soundbar,"5,999",4.3
447,SONY HT-S20R Dolby Digital 400 W Bluetooth Soundbar,"17,990",4.4
448,etmax NANO BLACK 30 W Bluetooth Home Theatre,975,0
449,JBL Professional 104 Compact Desktop Reference 60 W Blu...,"13,799",4.5
450,Panasonic SC-HTB76GW-K 100 W Bluetooth Soundbar,"6,499",4.1
451,PHILIPS SPA5162/94 60 W Bluetooth Home Theatre,"7,199",4.1
452,ULTADOR Wooden Wireless Bluetooth Portable Speaker with...,521,3
453,Flickers Jumbo ProMax 220 W Bluetooth Home Theatre,"3,690",0
454,INFINITY by Harman Fuze Pint 2.5 W Bluetooth Speaker,799,4.2
455,Oxhox Flip Essential BASS Stereo With FM 10 W Bluetooth...,649,3.8
456,"CIHLEX E-91 TV SOUNDBAR ,HOME SOUNDBAR E-91 Super Bass ...",949,3.8
457,Oxhox FLIP 3D Blast Sound + 10 W IPX7 Waterproof Blueto...,399,3.7
458,CIHLEX A006 Powerful Thunder 3D Sound With Extra BASS P...,616,0
459,PHILIPS SPA5190B/94 90 W Bluetooth Home Theatre,"7,940",4.1
460,ZSIV Dj Bass Bar Studio Bluetooth Soundbar Moviebar Par...,"1,078",4.2
461,F FERONS New arrival tg113 Like Dj Sound Power boost hi...,365,3.9
462,Gizmore GIZ SQUAD 4150 30 W Bluetooth Home Theatre,"2,699",3.9
463,PHILIPS SPA4040B/94 45 W Bluetooth Home Theatre,"5,740",4.1
464,ZSIV A-006 Dj Speaker 3D Bass New Arrival Wireless Blue...,699,3.9
465,MOTOROLA AmphisoundX with HDMI Arc 120 W Bluetooth Soun...,"6,999",4.3
466,WOOS WS-1100 40 W Bluetooth Speaker,"2,999",0
467,Landmark Pump True Wireless Bluetooth Speaker 20 W Blue...,"2,845",0
468,"JBL Professional NANOK3 3"" Laptop/Desktop 80 W Bluetoot...","11,999",4.1
469,PHILIPS MMS2220B/94 120 W Bluetooth Home Theatre,"13,240",4.2
470,F FERONS Flame Speaker LED Flame Torch Bluetooth Portab...,657,4.3
471,Landmark Music Bar High Power Compact Sound Bar with Mu...,"1,372",4.1
472,Intex Beast 1003 12 W Bluetooth Speaker,"1,540",0
473,Logitech Z623SPKR 400 W Laptop/Desktop Speaker,"11,999",4.4
474,SEVEN R TOWER SPEAKER 5.1 CHANNEL 120 W Bluetooth Home ...,"4,599",5
475,Zeom ®A006 10W (MZ Series) Wireless Bluetooth Portable ...,697,0
476,TECNIA Super King 511 Bluetooth 5.1 Channel 50 W Blueto...,"2,550",3.6
477,5 Tack New Jumbo 5.1 Speaker 2021 With High Bass 9500 W...,"3,995",3.4
478,ZEBRONICS Zeb-Action 10 W Bluetooth Speaker,"1,099",4
479,Aroma Studio 1 Pro High Sound Quality With 6 Hours Play...,499,4
480,ATARC G-113 Premium Shockproof & Bluetooth Speaker C1 1...,480,3.8
481,KDM KM-77 ROCKY WITH 6HRS MUSIC TIME SUPER SOUNDS 10 W ...,"1,069",3.8
482,ENMORA 373_UE_BT_SPEAKER_3210_SALE_ TOP SELLING WS-03 S...,"1,490",0
483,PHILIPS SPA9120B/94 120 W Bluetooth Tower Speaker,"24,090",4.4
484,Terabyte ELIPTIC-TB-015 1 W Laptop/Desktop Speaker,395,3.9
485,MUSIC WINDOWS 5.1_SPEAKER/BLK/2 60 W Bluetooth Home The...,"1,799",3.6
486,HASTAGG Music MINI WS – 887 Bluetooth Speaker 5 W 5 W B...,299,0
487,SONY HT-S20R Dolby Digital 400 W Bluetooth Soundbar,"17,990",4.4
488,PHILIPS MMS2050/94 50 W Bluetooth Laptop/Desktop Speake...,"5,290",3.3
489,CIHYARD CD-887 Super Bass Stereo Digital Dynamic Sound ...,284,3.5
490,ZSIV Dj Bass Bar Studio Bluetooth Soundbar Moviebar Par...,"1,044",3.9
491,Oxhox Flip Essential BASS Stereo With FM 10 W Bluetooth...,649,3.8
492,F FERONS Dual Horn Dj Sound Power boost high sound blas...,339,3.8
493,F FERONS Good quality All new Portable Splash proof Blu...,349,4.2
494,Marshall Emberton 20 W Bluetooth Speaker,"14,999",0
495,PHILIPS SPA5162/94 60 W Bluetooth Home Theatre,"7,199",4.1
496,Google Home with Google Assistant Smart Speaker,"7,490",4.4
497,ZEBRONICS ZEB-COUNTY 3 3 W Bluetooth Speaker,659,3.9
498,saregama Carvaan 2.0 Wine Gold (Champagne Gold) - Sound...,"12,990",4.3
499,PHILIPS SPA4040B/94 45 W Bluetooth Home Theatre,"5,740",4.1
500,QUANTUM QHM630 USB MINI SPEAKER Laptop/Desktop Speaker,645,3.8
501,Chaebol stylish look designed with ultra boost 3d like ...,"1,149",4.5
502,ZSIV Dj Bass Bar Studio Bluetooth Soundbar Moviebar Par...,"1,024",4
503,PHILIPS SPA5190B/94 90 W Bluetooth Home Theatre,"7,940",4.1
504,Polk Audio Signa S2 Dolby Digital with HDMI ARC 120 W B...,"14,999",4.6
505,MOTOROLA AmphisoundX with HDMI Arc 120 W Bluetooth Soun...,"8,499",4.2
506,TEQIR Powerpact Stereo Audio deep bass Portable Recharg...,449,3.9
507,Zeom ®A006 10W (MZ Series) Wireless Bluetooth Portable ...,697,0
508,DAGTUL Outdoor Party Sound Wireless Bluetooth Speaker w...,550,0
509,Terabyte TERABYTE ELIPTIC TB 015 1 W Laptop/Desktop Spe...,395,4
510,CIHLEX A-006 Bluetooth Speakers Dj Soung Party Speaker ...,616,5
511,Landmark Pump True Wireless Bluetooth Speaker 20 W Blue...,"2,845",0
512,CIHYARD 113 Dj Speaker 3D Bass New Arrival Wireless Blu...,426,4
513,"Alafi WS-887 Wireless Speaker with Memory Card Slot, US...",284,3.9
514,TECNIA Atom 704 Bluetooth Home Theatre,"2,890",3.8
515,Landmark Music Bar High Power Compact Sound Bar with Mu...,"1,372",4.1
516,"O.SOUND MEGA BAHUBALI , 4.1 Tower Speaker (Bluetooth, U...","3,960",3.6
517,"CIHLEX WS 887 Mini Speaker,Highsound/ 3D Bass waterproo...",284,3.8
518,Drezel Tower Speaker Umang Series 01 80 W Model 28000 P...,"3,175",4.7
519,MZ TG-113 (PORTABLE BLUETOOTH SPEAKER) Dynamic Thunder ...,399,3.9
520,"Blackzone X1 Boom, 25W Portable Bluetooth Speaker with ...","1,650",4.2
521,Treadmill WS-887 Mini Super Bass Splash Proof Wireless ...,329,3.6
522,dealquick Portable Bluetooth PA Loudspeaker - 8” Subwoo...,"1,850",3.3
523,Aroma Studio 1 Pro High Sound Quality With 6 Hours Play...,499,4
524,ULTADOR Wooden Blutooth Speaker Tf Card Mic Usb Audio M...,491,0
525,scherzando GT 42SD S440 65 W BLUETOOTH HOME THEATER 65 ...,"1,749",3.5
526,etmax NANO PLUS ET-1414 BLUETOOTH 30 W Bluetooth Home T...,949,3.6
527,SHOPLINE SP-T-113-SPKR4 9 W Bluetooth Speaker,379,3.7
528,TEQIR Mini Speaker 3D Bass New Arrival Wireless Bluetoo...,397,4.4
529,Panasonic SC-UA7GW-K Stylish Design with Dolby 1700 W B...,"28,977",4.6
530,TECNIA Super King 512 50 W Bluetooth Home Theatre,"2,490",3.4
531,SAMSUNG HW-T42E/XL Dolby Digital 150 W Bluetooth Soundb...,"8,199",4.1
532,ZEBRONICS ZEB- BT2220 10 W Bluetooth Laptop/Desktop Spe...,"1,699",3.9
533,Zoook ZK-Mini Blaster 10 W Bluetooth Party Speaker,"1,299",4
534,"Chaebol Ultra DJ Sound Blast JBL,BOAT,MIVI,PHILIPS Blue...",399,3.7
535,U&i Pickup Series 10W Bluetooth Soundbar with 6 Hours B...,999,4.1
536,JBL Professional 104 Compact Desktop Reference 60 W Blu...,"8,999",4.5
537,boAt Stone 260 4 W Portable Bluetooth Speaker,"1,399",4.4
538,Panasonic SC-HT150GW-K 30 W Bluetooth Home Theatre,"3,990",4.2
539,SHOPLINE SP-T-113-SPKR3 9 W Bluetooth Speaker,379,3.7
540,saregama Carvaan Bengali 6 W Bluetooth Home Theatre,"6,190",4.7
541,Sulfur mini home theater system amplifier with NBS-14 w...,375,3.9
542,Bimperial 20W Bluetooth Soundbar Speaker with 2400mah B...,"1,130",3.9
543,Onix Portable Party Speaker OPS 20 With Wireless Mic 20...,"5,690",3.7
544,artis Artis S9 2.0 USB Multimedia Speakers Portable Lap...,659,4.2
545,"KRISONS Wega Multimedia Home Theatre Speaker, LED Displ...","2,270",3.8
546,PHILIPS HTL1045/94 with HDMI Arc 45 W Bluetooth Soundba...,"6,990",4.4
547,U&i Sumo Series with Karaoke mic and 6 hours Battery Ba...,859,4
548,INFINITY by Harman CLUBZ 250 15 W Bluetooth Speaker,"2,499",4
549,Portronics Breeze 3 20 W Bluetooth Party Speaker,"2,899",4.2
550,PHILIPS SPA9080B/94 80 W Bluetooth Tower Speaker,"14,990",4.4
551,Mivi Play 5 W Portable Bluetooth Speaker,799,4.2
552,kluzie 100% HIGH QUALITY |3D sound| Splashproof| Water ...,429,4.5
553,SAMSUNG MX-T40/XL 300 W Bluetooth Party Speaker 300 W B...,"15,990",4.2
554,MARK IA-900 180 W Bluetooth Home Theatre,"4,350",5
555,IMPEX RHYTHM B 45 W Bluetooth Home Theatre,"4,249",4
556,ShowX home theater multimedia speakers 4.1 channel clea...,"1,498",3.4
557,I Kall IK-222 Home Theatre,"2,089",3.5
558,Gizmore Giz MS511 10 W Bluetooth Home Audio Speaker,999,3.7
559,Panasonic SC-HT550GW-K 150 W Bluetooth Home Theatre,"10,990",3.9
560,F FERONS 2021 TOP SELLING |3D sound| Splashproof| Water...,399,3.7
561,LEERFIE Classic Speaker with Flash Light Portable Wirel...,664,5
562,artis Mini 2.0 USB Multimedia Speakers Portable Laptop/...,449,4.1
563,SHOPLINE SP-T-113-SPKR2 9 W Bluetooth Speaker,379,3.7
564,"Lasmo A006 High Power Sound Blast, Mini, Thunder Sound ...",599,4
565,JBTEK Mini Boss Metal Speaker with TWS Function & Big B...,599,4
566,In-Foxe In-foxe DHOOM wooden audio soundbar music box T...,493,3.5
567,Aroma Studio 1 Pro High Sound Quality With 6 Hours Play...,499,4
568,etmax NANO ET-1212 Bluetooth Tower Speaker,"1,099",3.7
569,Onix OHT-100 5.1 Channel Multimedia Speaker System with...,"4,226",3.9
570,Ubon BT-5514 Bass Studio Bluetooth Speaker with LED Lig...,"1,149",4.1
571,SHOPLINE SP-T-113-SPKR4 9 W Bluetooth Speaker,379,3.7
572,Portronics SoundDrum 1 10 W Bluetooth Speaker,"1,299",4.4
573,ZEBRONICS Zeb- Delight 10 5 W Bluetooth Speaker,799,4.2
574,TECNIA Atom 1104 ST Floor Standing Tower Speaker Sound ...,"2,989",3.7
575,SAMSUNG HW-T42E/XL Dolby Digital 150 W Bluetooth Soundb...,"8,199",4.1
576,Portronics Breeze 3 20 W Bluetooth Party Speaker,"2,899",4.2
577,Classic CESR 12 INCH SPEAKER SUB WOOFER 120W 120 W Car ...,"1,039",3.9
578,TRONICA 4.1 Channel FD-101 with Remote FM USB AUX LED T...,"1,899",0
579,ATARC 311 Premium Shockproof & Bluetooth Speaker Red 10...,461,3.9
580,ZSIV Like Dj Sound Power Boost High Sound Blast With Ul...,425,4.4
581,Huntindia TG 113 15 W Bluetooth Speaker,343,3.7
582,ULTADOR outdoor wooden portable blue tooth speaker with...,426,3.8
583,U&i Pickup Series 10W Bluetooth Soundbar with 6 Hours B...,999,4.1
584,ZEBRONICS ZEB-ALPINE 60 W Bluetooth Home Theatre,"3,499",3.7
585,ZEBRONICS delight 3 W Bluetooth Speaker,599,3.9
586,Target TARRGET TT-D5153 5.1 CHANNEL MULTIMEDIA SPEAKERS...,"2,699",3.4
587,Onix Portable Party Speaker OPS 20 With Wireless Mic 20...,"5,690",3.7
588,ZEBRONICS Zeb-Sonic Bar 100 120 W Bluetooth Gaming Spea...,"7,999",4.3
589,TECNIA Atom 504 Bluetooth 5.1 Channel Home Theatre Blue...,"2,490",3.8
590,"ULTADOR TV SOUNDBAR ,HOME SOUNDBAR E-91 Super Bass Blue...",893,4.1
591,U&i Sumo Series with Karaoke mic and 6 hours Battery Ba...,859,4
592,F FERONS BEST BUY LZ-3102 Trolley Wireless Led Disco Li...,364,3.7
593,OUD OD-BT-M-570 10 W Bluetooth PA Speaker,"2,498",3
594,Blue Birds High Qulity YD-668 /FJ 668 Wireless Bluetoot...,549,3.4
595,IMPEX RHYTHM B 45 W Bluetooth Home Theatre,"4,249",4
596,ATSolutions Multi Color Changing RBG Led Music Light Bu...,349,4.4
597,Treadmill TG-113 |3D Ultra sound|Extra Baas Stereo soun...,439,3.5
598,Zytel Edge 5.1 Bluetooth Home Theatre,"1,985",3.9
599,ATARC 2021 Top Selling Ultra Premium Bluetooth Speaker ...,477,4
600,I Kall Ik55 60 W Bluetooth Home Theatre,"2,184",4.3
601,Backspace best buy Rechargeable Amplifier Wireless Micr...,749,3.9
602,"KRISONS Genius-50 Multimedia Speaker | App Controlled, ...","2,080",3.5
603,SHOPLINE SP-T-113-SPKR1 9 W Bluetooth Speaker,349,3.7
604,CREATIVE SBS E2500 60 W Bluetooth Laptop/Desktop Speake...,"3,999",3.6
605,MarQ By Flipkart with HDMI Arc 160 W Bluetooth Home The...,"9,999",4
606,SHOPLINE SP-T-113-SPKR3 9 W Bluetooth Speaker,379,3.7
607,PHILIPS SPA9120B/94 120 W Bluetooth Tower Speaker,"24,090",4.4
608,XEWISS RGB Music bulb bluetooth speaker with multi colo...,348,3.7
609,XEWISS 10W WS-E-91 13 TV SOUNDBAR ORIGINAL QUALITY TOP ...,918,0
610,saregama Carvaan Mini Bhakti 5 W Bluetooth Speaker,"2,290",4.1
611,SONY HT-S20R Dolby Digital 400 W Bluetooth Soundbar,"17,990",4.4
612,Worricow High Quality wireless Portable X Bass Home the...,749,0
613,"boAt Stone 1350 with Upto 5 Hours Playback Time, Passiv...","3,999",3.7
614,LOUDSY HD Ultra Powerful Crystal Dynamic Quality sound ...,"3,799",0
615,Oxhox Flip Essential BASS Stereo With FM 10 W Bluetooth...,649,3.8
616,Dotsun Dotsun Blaster 3600 W Bluetooth Tower Speaker,"4,639",4.1
617,"ZSIV A006 USB Charging, Portable, BASS drum, TF card, F...",684,3.7
618,JBL by Harman Flip 5 20 W Bluetooth Speaker,"10,599",4.3
619,PHILIPS SPA5162/94 60 W Bluetooth Home Theatre,"7,199",4.1
620,JBL Charge 4 IPX7 with In-Built Powerbank 30 W Portable...,"14,999",4.2
621,Dotsun My Dj 3400 W Bluetooth Home Theatre,"3,739",4
622,SONY MHC-V83D Bluetooth Tower Speaker,"61,990",4.8
623,PHILIPS SPA4040B/94 45 W Bluetooth Home Theatre,"5,740",4.1
624,Blaupunkt SBA10F 10 W Bluetooth Soundbar,"1,199",4
625,scherzando AD WS-03 Cool Flashing DJ Lights| 3D Loudspe...,703,5
626,Noise Vibe 5 W Bluetooth Speaker,"1,499",4.2
627,PHILIPS SPA5190B/94 90 W Bluetooth Home Theatre,"7,940",4.1
628,ALPINO Thar Flash | RGB Light | SD/FM/AUX/USB/Mic Suppo...,999,4
629,Panasonic SC-HTB78GW-K 160 W Bluetooth Soundbar,"8,999",4.1
630,REEPUD Bluetooth Wireless Combo Speaker With FM 15 W Bl...,"1,599",0
631,Zeom ®A006 10W (MZ Series) Wireless Bluetooth Portable ...,697,0
632,I Kall Ik999 Bluetooth Home Theatre 60 W Bluetooth Home...,"2,199",3.6
633,JBL JBLCHARGE5SQUAD 40 W Bluetooth Speaker,"15,999",4.5
634,OBDIR Portable rechargeable multimedia wireless Stereo ...,365,3.9
635,Aroma Studio 1 Pro High Sound Quality With 6 Hours Play...,499,4
636,F&D E200+ 5 W Portable Bluetooth Laptop/Desktop Speaker,"2,199",4.1
637,boAt Aavante Bar 1750 with Wireless Subwoofer & Master ...,"8,999",3.9
638,Dotsun DS-991 18000 W Bluetooth Tower Speaker,"6,098",4
639,Landmark Pump True Wireless Bluetooth Speaker 20 W Blue...,"2,845",0
640,F&D E200+ 5 W Portable Bluetooth Laptop/Desktop Speaker,"2,199",4.1
641,Dotsun DS-991 18000 W Bluetooth Tower Speaker,"6,098",4
642,boAt Aavante Bar 1750 with Wireless Subwoofer & Master ...,"8,999",4
643,SHOPLINE SP-T-113-SPKR4 9 W Bluetooth Speaker,379,3.7
644,ZEBRONICS ZEB-SuperNova New 6 W Laptop/Desktop Speaker,530,4.1
645,CIHLEX Dj Speaker Bass Wireless Bluetooth Speaker for c...,379,4.2
646,MOTOROLA AmphisoundX Dolby Wireless with HDMI Arc 160 W...,"10,999",4.2
647,Aroma Studio 1 Pro High Sound Quality With 6 Hours Play...,499,4
648,Blaupunkt SBW50 With HDMI-ARC 120 W Bluetooth Soundbar,"6,499",4
649,Blaupunkt BT-52 BL 10 Watt Bluetooth Speaker,"1,399",4.2
650,SKY LOUD NANO SOUNDBAR 30 W Bluetooth Home Audio Speake...,999,0
651,SAMSUNG HW-T42E/XL Dolby Digital 150 W Bluetooth Soundb...,"8,199",4.1
652,Dee-Gee Dj Mini Speakers Bass New Arrival Wireless Blue...,450,3
653,Noise Vibe 5 W Bluetooth Speaker,"1,499",4.2
654,"BUY SURETY YD-668 /FJ 668 Wireless Speaker,HD Audio, US...",549,3.3
655,U&i Pickup Series 10W Bluetooth Soundbar with 6 Hours B...,999,4.1
656,Marshall Stanmore II 80 W Bluetooth Home Theatre,"34,999",0
657,Jeteck A&O 105-flashlight Speakers/Bluetooth Speaker an...,448,4.2
658,O.SOUND MINI BAHUBALI Tower Speaker,"1,290",3.5
659,ATARC 2021 Top Selling Ultra Premium Bluetooth Speaker ...,477,4
660,T-Series M4444BT 4.1 Multimedia Speaker with Bluetooth ...,"4,740",4.2
661,Portronics Sound Pot POR 280 Portable Bluetooth Speaker...,"1,999",4.2
662,JBL Professional Control1 Pro Passive System 150 W Stud...,"9,999",3.6
663,Onix Portable Party Speaker OPS 20 With Wireless Mic 20...,"5,690",3.7
664,etmax NANO SHARK GOLD Bluetooth 35 W Bluetooth Home The...,949,3.8
665,Onix OHT 350 150 W Bluetooth Home Theatre,"8,739",4.1
666,SYARA OHH_666J_LZ 4104||WS-04|| Karaoke Speaker With Mi...,689,3.3
667,U&i Sumo Series with Karaoke mic and 6 hours Battery Ba...,859,4
668,BAGATELLE BEST BUY WS-02 |3D Thunder Beat sound| Splash...,499,0
669,TRONICA cowin 7.1 60 W Bluetooth Home Theatre,"2,743",3.6
670,ZSIV 20W WS-01|3D Sound| Splashproof| Water Resistant| ...,503,4.2
671,IMPEX RHYTHM B 45 W Bluetooth Home Theatre,"4,249",4
672,Oxhox FLIP 3D Blast Sound + 10 W IPX7 Waterproof Blueto...,399,3.7
673,INFINITY by Harman Fuze 200 15 W Bluetooth Speaker,"2,999",3.7
674,ZEBRONICS ZEB - County 2 3 W Bluetooth Speaker,549,4
675,Aroma Studio 3 5 W Bluetooth Speaker,581,3.9
676,Marshall Acton II 60 W Bluetooth Speaker,"24,999",4.5
677,"Google Nest Hub (2nd gen), Display with Google Assistan...","7,999",4.5
678,Borneo Top Selling bkhq-6 10 W Bluetooth Speaker,475,4.1
679,Mivi Play 5 W Portable Bluetooth Speaker,799,4.2
680,Portronics Decibel 21 10 W Bluetooth Soundbar,"1,299",4
681,IMPEX OPERA 45 W Bluetooth Home Theatre,"4,198",3.9
682,saregama Carvaan 2.0 (Rose Gold) - Sound by Harman/Kard...,"12,990",4.2
683,SHOPLINE SP-T-113-SPKR1 9 W Bluetooth Speaker,349,3.7
684,scherzando HIGH BASS QUALITY AD -546HT Wireless Bluetoo...,"1,799",3.5
685,SEVEN R -nano SPEAKER 2.1 CHANNEL 20 W Bluetooth Home T...,999,0
686,ZEBRONICS Zeb-Vita Plus 16 W Bluetooth Laptop/Desktop S...,"1,399",4.1
687,PHILIPS SPA9120B/94 120 W Bluetooth Tower Speaker,"24,090",4.4
688,Ubon SP-180 Mobile Speaker 4 W Bluetooth Speaker,479,3.9
689,F FERONS High Bass WS-887 Mini Bluetooth Speaker | Supe...,261,3.8
690,CARG7 WS-887 Mini Bluetooth Speaker | Superb Sound Qual...,327,4.5
691,SONY HT-S20R Dolby Digital 400 W Bluetooth Soundbar,"17,990",4.4
692,SHOPAIS Spoy Wireless Mini Bluetooth Speaker Multicolor...,399,5
693,Mivi Octave 3 Wireless with 360 HD Stereo Sound Portabl...,"1,799",3.7
694,TRONICA Grey Super King Series 5.1 Bluetooth Multimedia...,"2,374",3.9
695,PHILIPS SPA5162/94 60 W Bluetooth Home Theatre,"7,199",4.1
696,Portronics Buzz Portable Wireless 5 W Bluetooth Speaker,"1,199",0
697,CIHLEX 3D Sound| Splashproof| Water Resistant| Bluetoot...,949,3.9
698,ZEBRONICS ZEB-FAME 5 W Laptop/Desktop Speaker,576,4
699,Oxhox Flip Essential BASS Stereo With FM 10 W Bluetooth...,649,3.8
700,JBL Clip4 5 W Bluetooth Speaker,"4,499",4.4
701,Elista Diamond 4.1 AUBF With USB/FM/Aux 73 W Bluetooth ...,"3,039",3.3
702,DAB 8 inch Speaker Woofer 200W Home Theater or Column R...,599,3.7
703,PHILIPS SPA5190B/94 90 W Bluetooth Home Theatre,"7,940",4.1
704,TECNIA Super King Series 1107 Bluetooth Tower Speaker w...,"3,099",3.5
705,Galaxy Mini Bahubali G-1008 10 W Bluetooth Tower Speake...,"1,493",3.5
706,scherzando MJ-2300 4.1 home theater with inbuilt Amplif...,"1,749",3.5
707,SHOPLINE SP-T-113-SPKR2 9 W Bluetooth Speaker,379,3.7
708,HighBoy WS-02 mini home theater trolley wireless speake...,527,3.6
709,Blaupunkt SP225 Multimedia Speaker 50 W Bluetooth Home ...,"2,999",3.7
710,ZEBRONICS VITA 10 W Bluetooth Speaker,"1,199",3.8
711,PHILIPS SPA4040B/94 45 W Bluetooth Home Theatre,"5,740",4.1
712,saregama Carvaan Tamil 6 W Bluetooth Home Theatre,"5,990",4.4
713,Elevn Aura 2.1 80 W Bluetooth Home Theatre,"2,799",3.8
714,Megaloyalty 100% DJ Sound Power Boost High Sound Blast ...,289,3.4
715,SHOPLINE SP-T-113-SPKR4 9 W Bluetooth Speaker,379,3.7
716,Portronics POR-719 iLUMI Portable LED Lamp 3 W Bluetoot...,"1,699",4.4
717,Aroma Studio 37 High Sound Quality With 6 Hours Playing...,699,4.1
718,saregama Carvaan 6 W Bluetooth Home Theatre,"6,390",4.5
719,Landmark Pump True Wireless Bluetooth Speaker 20 W Blue...,"2,845",0
720,Google Home Mini with Google Assistant Smart Speaker,"2,949",4.4
721,"ULTADOR TV SOUNDBAR ,HOME SOUNDBAR E-91 Super Bass Soun...",893,3.4
722,balajicomunication mini boost 2 10 W Bluetooth Speaker,496,3.4
723,SHOPLINE SP-T-113-SPKR1 9 W Bluetooth Speaker,349,3.7
724,Portronics POR-545 Breeze Plus 20 W Bluetooth Speaker,"2,299",4.1
725,Elista Pearl 4.1 AUTFB 60 W Bluetooth Home Theatre,"2,749",3.2
726,WHISTLE9 New Arrival Wireless Bluetooth Speaker for car...,529,3.8
727,SONY HT-S20R Dolby Digital 400 W Bluetooth Soundbar,"17,990",4.4
728,IMPEX Rhyme 20 W Bluetooth Home Theatre,"2,990",4
729,Oxhox Flip Essential BASS Stereo With FM 10 W Bluetooth...,649,3.8
730,Classic CESR-45000DE STONE DUAL6 BLST 700 W Bluetooth T...,"4,859",3.9
731,PHILIPS SPA5190B/94 90 W Bluetooth Home Theatre,"7,940",4.1
732,Musify HOT SALE Best Quality 2021 New Speaker with Loud...,579,0
733,ULTADOR Wooden Bluetooth Speaker Extra Bass Portable St...,470,0
734,ZEBRONICS ZEB - County 2 3 W Bluetooth Speaker,549,4
735,SHOPLINE SP-T-113-SPKR4 9 W Bluetooth Speaker,379,3.7
736,etmax QUBE SERIES ET-4002 55 W Bluetooth Speaker,"1,299",4.1
737,Mivi Roam2 5 W Bluetooth Speaker,"1,199",4.3
738,Target TARGET TT-D231 FM-UM-BT PMPO 12500 RMS 70 WATTS ...,"1,999",3.1
739,PHILIPS SPA4040B/94 45 W Bluetooth Home Theatre,"5,740",4.1
740,"Google Nest Hub (2nd gen), Display with Google Assistan...","7,999",4.5
741,SAMSUNG HW-A670/XL Dolby Digital 5.1 510 W Bluetooth So...,"34,073",4.3
742,T-Series TR-S6 Portable Wireless Bluetooth Speaker with...,"4,740",3.8
743,PHILIPS SPA5128B/94 40 W Bluetooth Home Theatre,"4,440",4.1
744,SONY SRS-XB23 Bluetooth Speaker,"9,015",4.1
745,ZEBRONICS ZEB-MUSIC Bomb X 20 W Bluetooth Speaker,"2,490",4.1
746,KRISONS VERVE Bluetooth Home Theatre,"2,460",3.8
747,"Mivi Fort S60 with 2 in-built subwoofers, Made in India...","3,499",4.6
748,Megaloyalty TG113 splashproof high sound bluetooth spea...,460,4.5
749,saregama Carvaan Mini Bhagavad Gita SCM04 5 W Bluetooth...,"2,199",4.3
750,Bose 500 Bluetooth Speaker,"39,000",4.4
751,Landmark Pump True Wireless Bluetooth Speaker 20 W Blue...,"2,845",0
752,JBL Go PLUS Portable Bluetooth Speaker,"1,699",4.3
753,IKALL IK-222 Multimedia 5.1 Speaker System with Bluetoo...,"2,089",3.6
754,saregama Carvaan Mini 2.0 5 W Bluetooth Speaker,"2,290",4.5
755,Landmark Aura BT-1081 FMDL Black Bluetooth Wireless Par...,"1,040",4.1
756,Terabyte ELIPTIC TB-015 4 W Laptop/Desktop Speaker,388,4
757,INFINITY by Harman Fuze 99 4.5 W Bluetooth Speaker,"1,199",4
758,Sound Boss WOODEN WIRELESS POWERFUL STEREO SD/USB/FM 10...,799,3.7
759,Landmark Music Bar High Power Compact Sound Bar with Mu...,"1,372",4.1
760,ULTADOR WS01 Dj Mini Speakers Bass New Arrival Wireless...,469,3.7
761,Zoook Rocker Herculean Pro 200 Watt Bluetooth Party Spe...,"15,999",4
762,"CIHLEX E-91 TV SOUNDBAR ,HOME SOUNDBAR Original Quality...",949,4.1
763,SHOPLINE SP-T-113-SPKR1 9 W Bluetooth Speaker,349,3.7
764,Sulfur Powerpact Stereo Audio deep bass Portable Rechar...,449,3.8
765,artis BT-90 Wireless Portable Bluetooth Speaker With US...,"1,099",4.1
766,Lenovo Smart Clock Essential with Google Assistant Smar...,"4,499",4.1
767,PHILIPS SPA9120B/94 120 W Bluetooth Tower Speaker,"24,090",4.4
768,ULTADOR wholesale Wooden Bluetooth Speaker SoundBar Sub...,470,0
769,U&i Pickup Series 10W Bluetooth Soundbar with 6 Hours B...,999,4.1
770,"KRISONS Swag Tower Speaker With Wired Mic| Bluetooth ,U...","3,090",0
771,SONY HT-S20R Dolby Digital 400 W Bluetooth Soundbar,"17,990",4.4
772,Worricow 40 Watts Wireless Bluetooth Trolley Speaker wi...,"1,599",0
773,ZEBRONICS Zeb- Bellow 40 8 W Bluetooth Speaker,"1,049",4.2
774,Adiohub Karaoke Speaker (Sound Box) 70 watts (7RMS) Blu...,"3,990",0
775,PHILIPS SPA5162/94 60 W Bluetooth Home Theatre,"7,199",4.1
776,wazny Wireless Bluetooth Soundbar Speaker with TWS Conn...,940,4
777,Hitage TWS ECHO SOUND Smart Bluetooth Speaker Playing W...,"1,307",4.1
778,tapfuture Super Ultra Mini Boost Wireless Portable Blue...,520,3.7
779,Oxhox Flip Essential BASS Stereo With FM 10 W Bluetooth...,649,3.8
780,9 CORE JUMBO PLUS + 200 W Bluetooth Home Theatre,"3,999",3.9
781,ZEBRONICS Zeb-Juke Bar 2500 35 W Bluetooth Soundbar,"3,999",3.9
782,Portronics Chime 20 W Bluetooth Party Speaker,"1,799",3.8
783,PHILIPS SPA5190B/94 90 W Bluetooth Home Theatre,"7,940",4.1
784,Portronics SoundDrum 1 10W TWS Portable Bluetooth 5.0 S...,"1,599",4.4
785,Techobucks New Arrival TG113 Super Deep Bass Splashproo...,335,3.6
786,Soundcore by Anker Flare Plus 25 W Bluetooth Party Spea...,"7,499",4.4
787,SHOPLINE SP-T-113-SPKR2 9 W Bluetooth Speaker,379,3.7
788,shd Super Ultra Mini Boost 3 Watt input Truly Wireless ...,498,0
789,Target TARGET TT-D5109 FM-USB-BT PMPO : 32500 WATTS RMS...,"3,599",4.2
790,Vemax Star 5.1 Bluetooth Multimedia Home Theater System...,"2,340",3.8
791,PHILIPS SPA4040B/94 45 W Bluetooth Home Theatre,"5,740",4.1
792,KRISONS EIFFEL 4.1 (5.25) Bluetooth Home Theatre,"3,505",3.8
793,ATSolutions Led Bulb with Bluetooth Speaker Music Light...,349,4.6
794,PHILIPS MMS4545B/94 36 W Bluetooth Home Theatre,"4,290",4.2
795,Landmark Pump True Wireless Bluetooth Speaker 20 W Blue...,"2,845",0
796,ZSIV A006 Portable Bluetooth Speaker with DJ Light USB/...,706,4
797,I Kall IK 403 Multimedia 4.1 Speaker System with Blueto...,"1,899",3.9
798,BLUELEX Multi-Function Bluetooth Karaoke Mic with Speak...,899,0
799,Landmark Music Bar High Power Compact Sound Bar with Mu...,"1,372",4.1
800,Vemax Grace 5.1 Bluetooth Multimedia Home Theater Syste...,"2,289",0
801,"I Kall BT-102 Bluetooth Speaker 10W with Bass, Multiple...",999,0
802,OUD OD-BT-404-B13 10 W Bluetooth Soundbar,"1,395",0
803,PHILIPS SPA9120B/94 120 W Bluetooth Tower Speaker,"24,090",4.4
804,JBL Flip 4 16 W Portable Bluetooth Speaker,"7,999",4.4
805,Bose 500 Soundbar Subwoofer Bass Module Home Theatre,"33,900",4.7
806,etmax Arrow Series 6'' Subwoofer ET-6404 BT 200 W Bluet...,"3,990",3.3
807,SONY HT-S20R Dolby Digital 400 W Bluetooth Soundbar,"17,990",4.4
808,SAMSUNG HW-S61A/XL with built in Subwoofer 200 W Blueto...,"21,990",3.8
809,ZSIV DJ sound Speakers Box Perfect Music for home audio...,493,3.8
810,F FERONS Top Selling Portable Rechargeable Wireless Mul...,799,4.3
811,Oxhox Flip Essential BASS Stereo With FM 10 W Bluetooth...,649,3.8
812,PHAGQU Mini Home Theatre dj party BT speakers with Mult...,512,3.2
813,Blaupunkt BT-52 BK 10 Watt Bluetooth Speaker,"1,399",4.2
814,IMPEX Vibrato 5.1 Multimedia System USB SD FM Playback ...,"12,499",3.8
815,PHILIPS SPA5162/94 60 W Bluetooth Home Theatre,"7,199",4.1
816,Bose TV Bluetooth Soundbar,"26,900",4.3
817,OUD OD-BT-590FM 12 W Bluetooth Soundbar,"1,190",4
818,Highstairs Sound |Deep Bass | |Disco Light |Wireless Sp...,"1,599",3.8
819,SHOPLINE SP-T-113-SPKR4 9 W Bluetooth Speaker,379,3.7
820,Target D5134 115 W Bluetooth Home Theatre,"2,799",0
821,TECNIA Tecnia Atom 1106 ST 60 W Bluetooth Tower Speaker,"3,199",4.1
822,saregama carvaan 6 W Bluetooth Home Audio Speaker,"6,390",4.5
823,PHILIPS SPA5190B/94 90 W Bluetooth Home Theatre,"7,940",4.1
824,IMPEX ST 80AN 55 W Bluetooth Home Theatre,"9,119",3.5
825,Worricow Speakers Bluetooth Speaker With Handheld Karao...,699,3.4
826,artis BT12 Classic Retro Wireless BT Speaker wire free ...,"1,199",3.8
827,Aroma Studio 1 Pro High Sound Quality With 6 Hours Play...,499,4
828,POZUB Best Buy Hot Selling Super Ultra Mini Boost Wirel...,478,4.3
829,ZSIV WOODEN WIRELESS SPEAKER HEAVY QUALITY THUNDER SOUN...,474,0
830,TRONICA Dhwani DJ 40W Bluetooth Tower Home Theater Syst...,"2,279",3.7
831,PHILIPS SPA4040B/94 45 W Bluetooth Home Theatre,"5,740",4.1
832,PHILIPS BT3901R/94 12 W Bluetooth Speaker,"2,565",3.8
833,Hyundai TSHY025BLI-BL1 25 W Bluetooth Party Speaker,"5,999",0
834,shemaroo Amrit Bani (Light Wood) 5 W Bluetooth Home The...,"2,599",4.7
835,Landmark Pump True Wireless Bluetooth Speaker 20 W Blue...,"2,845",0
836,Portronics POR-312 Pico 3 W Bluetooth Speaker,844,4.2
837,5 Tack HT-2021 150 W Bluetooth Home Theatre,"3,985",0
838,9 CORE COMMANDO 1 200 W Bluetooth Home Theatre,"3,440",3.3
839,Landmark Music Bar High Power Compact Sound Bar with Mu...,"1,372",4.1
840,saregama Carvaan Mini Rabindrasangeet SCM04 5 W Bluetoo...,"2,090",4.6
841,MLN SP-108 5 W Bluetooth PA Speaker,549,3.8
842,saregama Carvaan Mini Kids 5 W Bluetooth Speaker,"2,990",4.5
843,SHOPLINE SP-T-113-SPKR1 9 W Bluetooth Speaker,349,3.7
844,"CIHLEX E-91 TV SOUNDBAR ,HOME SOUNDBAR Original Quality...",949,3.6
845,Bose Soundlink Micro Portable Bluetooth Speaker,"8,990",4.7
846,Musify WS-04 Loud Stereo Sound & Rich Bass Portable Wir...,720,5
847,Aroma Studio 1 Pro High Sound Quality With 6 Hours Play...,499,4
848,CIHLEX A006 High Power Sound Super Bass & Wireless Blue...,616,4.2
849,LOUDSY NEW Clear Dynamic Quality HD sound powerful Bass...,"3,789",0
850,U&i Song Series Wireless Speaker with Karaoke mic and 6...,749,3.8
851,SHOPLINE SP-T-113-SPKR4 9 W Bluetooth Speaker,379,3.7
852,STROMBUCKS Pro mini boom New Arrival 3D Boom Beat|Ultra...,448,3.6
853,world voice Bluetooth speaker Led Light subwoofer sound...,975,3.3
854,Sygnofrint TG 113 5 W Bluetooth Speaker,419,3.8
855,SAMSUNG HW-T42E/XL Dolby Digital 150 W Bluetooth Soundb...,"8,199",4.1
856,CIHLEX Wireless Speaker | Mini Speaker | Party Speakers...,284,3.5
857,Arisudan Mini Bluetooth W-887 10 W Bluetooth Speaker,280,0
858,F FERONS A005 Mini Portable Wireless Speaker HiFi Stere...,425,4
859,SHOPLINE SP-T-113-SPKR3 9 W Bluetooth Speaker,379,3.7
860,Soundcore by Anker Rave 160 W Bluetooth Party Speaker,"18,999",4.4
861,KRISONS NEXON Bluetooth Home Theatre,"2,080",3.8
862,SYARA IYF_726N_LZ 4103||WS-03|| Karaoke Speaker With Mi...,699,0
863,U&i Pickup Series 10W Bluetooth Soundbar with 6 Hours B...,999,4.1
864,ULTADOR Stereo dynamic sound with deep 3d bass & powerf...,398,4
865,Portronics Pixel with 32 LED Display Animations 8 W Blu...,"1,749",0
866,artis Mini Portable Laptop/Desktop Speaker,449,4.1
867,Onix Portable Party Speaker OPS 20 With Wireless Mic 20...,"5,690",3.7
868,ZSIV WS887 Super Bass Splashproof Wireless Bluetooth Sp...,283,0
869,Sulfur Trolley speaker Powerful Sound with Thumping Bas...,399,4.2
870,"ZSIV A006 USB Charging, Portable, BASS drum, TF card, F...",697,3.5
871,U&i Sumo Series with Karaoke mic and 6 hours Battery Ba...,859,4
872,Portronics POR-394 Dynamo 5 W Bluetooth Speaker,999,4.3
873,Palco Multimedia Player 10 W Portable Bluetooth Laptop/...,"1,399",3.8
874,ZEBRONICS ZEB-S990 Laptop/Desktop Speaker,499,3.7
875,IMPEX RHYTHM B 45 W Bluetooth Home Theatre,"4,249",4
876,Gizmore Giz Trio 2112 Pro 30 W Bluetooth Home Theatre,"1,999",3.7
877,BUY SURETY Bluetooth Speaker 3D Sound Stereo Bass Wirel...,679,3.9
878,Worricow EXTRA Powerful SOUND Portable Hifi Wireless BT...,749,3.5
879,Mivi Play 5 W Portable Bluetooth Speaker,799,4.2
880,wazny TG-113 Portable Splash-proof Speak Compatible wit...,379,3.8
881,iball SoundKing i3 4.1 35 W Bluetooth Home Theatre,"4,000",3.9
882,SONY SRS-XB23 Bluetooth Speaker,"8,990",4.1
883,SHOPLINE SP-T-113-SPKR1 9 W Bluetooth Speaker,349,3.8
884,F&D E200 3 W Portable Laptop/Desktop Speaker,"1,199",4.1
885,TECNIA Super King 510 Bluetooth 5.1 Home Theater System...,"2,550",3.7
886,CIHYARD Waterproof NEW ARRIVAL Wireless Bluetooth Speak...,949,0
887,SHOPLINE SP-T-113-SPKR2 9 W Bluetooth Speaker,379,3.8
888,PHILIPS MMS2200B/94 100 W Bluetooth Party Speaker,"8,990",4.3
889,ULTADOR Wireless Charger for Mobile Phone HIFI 3D Dual ...,521,0
890,KRISONS Zeven Bluetooth Home Theatre,"2,460",3.8
891,PHILIPS SPA9120B/94 120 W Bluetooth Tower Speaker,"24,090",4.4
892,JBL Commercial Work From Home Bundle with Microphone & ...,"6,499",4.4
893,Target TARGET TT-D5182 FM-USB-BT PMPO : 44500 WATTS RMS...,"5,499",0
894,Portronics Dash 40 W Bluetooth Home Audio Speaker,"5,799",4.2
895,SONY HT-S20R Dolby Digital 400 W Bluetooth Soundbar,"17,990",4.4
896,LG SP8A 440 RMS Bluetooth Soundbar,"47,999",0
897,Panasonic SC-HT260GW-K 80 W Bluetooth Soundbar,"7,843",0
898,ZEBRONICS ZEB - County 2 3 W Bluetooth Speaker,549,4
899,Oxhox Flip Essential BASS Stereo With FM 10 W Bluetooth...,649,3.8
900,Bose 700 Bluetooth Soundbar,"79,000",4.5
901,KH Speaker (Sound Box) 70 watts (7RMS) Bluetooth Speake...,"4,190",4.8
902,Gizmore GIZ 4110 50 W Bluetooth Home Theatre,"2,599",3.6
903,SHOPLINE SP-T-113-SPKR4 9 W Bluetooth Speaker,379,3.7
904,LG OK55 XBOOM 500 W Bluetooth Party Speaker,"29,999",4.3
905,Oliver Systems Limited OS-Xplode Portable Voice Amplifi...,"2,850",4.1
906,JBL Charge 4 IPX7 with In-Built Powerbank 30 W Portable...,"12,999",4.2
907,PHILIPS SPA5162/94 60 W Bluetooth Home Theatre,"7,199",4.1
908,ZEBRONICS Zeb -Sonata 4.1 Channel Home Theater Speaker ...,"5,999",4
909,Allmusic 100% GOOD QUALITY|3D sound| Splashproof| Water...,426,3.9
910,T-Series T-series TR-8V Professional Audio Mobile Ampli...,"4,265",0
911,PHILIPS SPA5190B/94 90 W Bluetooth Home Theatre,"7,940",4.1
912,ZEBRONICS ZEB-WARRIOR 10 W Laptop/Desktop Speaker (Blac...,828,4.5
913,ZEBRONICS Juke bar 5000 pro 120 W Bluetooth Soundbar,"7,999",4.3
914,ALTEC LANSING AL-3003A 50 W Bluetooth Home Theatre,"3,990",3.5
915,PHILIPS SPA4040B/94 45 W Bluetooth Home Theatre,"5,740",4.1
916,Ubon GBT-17A GABBAR SERIES 10 W Bluetooth Speaker,"1,899",4
917,SONY SRS-XB43 Bluetooth Speaker,"16,990",4.5
918,9 TECH A005 5 W Bluetooth Speaker,339,0
919,Landmark Pump True Wireless Bluetooth Speaker 20 W Blue...,"2,845",0
920,saregama Carvaan Mini SCM02 3 W Bluetooth Speaker,"2,099",4.3
921,F FERONS NEW LATEST 3D Ultra Thumping Deep Bass Splashp...,349,4
922,realme Pocket Speaker with Bass Radiator 3 W Bluetooth ...,"1,099",4.2
923,SHOPLINE SP-T-113-SPKR2 9 W Bluetooth Speaker,379,3.7
924,Zoook Rocker Thunder Pro 30 W Bluetooth Party Speaker,"3,499",4
925,Clavier Atom Ultra Premium Bluetooth 5 W Bluetooth Spea...,819,3.9
926,CIHLEX NEW ARRIVAL |3D sound| Splash proof| Water resis...,474,3
927,Aroma Studio 1 Pro High Sound Quality With 6 Hours Play...,499,4
928,JBL by Harman FLIP 5 20 W Bluetooth Speaker,"9,999",4.3
929,Elista Diamond 2.1 AUBF 49 W Bluetooth Home Theatre,"2,474",3.5
930,Zytel 5.1 Bluetooth Home Theater 20 W Bluetooth Home Th...,"1,890",3.6
931,SAMSUNG HW-T42E/XL Dolby Digital 150 W Bluetooth Soundb...,"8,199",4.1
932,PHILIPS HTL1046/94 45 W Bluetooth Soundbar,"5,990",4
933,T-Series TR-12K (Party Speaker) Bluetooth Trolley Party...,"9,965",0
934,ZEBRONICS ZEB-ACTION 10 W Bluetooth Speaker,"1,099",4
935,ATARC 311 Premium Shockproof & Bluetooth Speaker Red 10...,461,3.9
936,kluzie TOP SELLING WS-01 Super Bass Portable Wireless s...,449,4
937,Treadmill Extra bass Speaker with bass enhancers for pa...,499,0
938,SONY SRS-XB23 Bluetooth Speaker,"8,990",4.1
939,U&i Pickup Series 10W Bluetooth Soundbar with 6 Hours B...,999,4.1
940,Onix OHT 301 140 W Bluetooth Home Theatre,"7,551",4.2
941,Portronics Plugs POR 141/Plugs Portable Sound system wi...,"1,099",4.2
942,JBL GO2 Portable Bluetooth Speaker,"2,299",4.3
943,Onix Portable Party Speaker OPS 20 With Wireless Mic 20...,"5,690",3.7
944,"Target TARGET TT-K1720 FM-UMB WITH 5.25"" SUBWOOFERS 45 ...","3,999",4
945,Eccellente HT118 7500 W Bluetooth Home Theatre,"1,847",3.7
946,Portronics POR-821 SoundDrum Stereo 10 W Bluetooth Spea...,"1,799",4.4
947,U&i Sumo Series with Karaoke mic and 6 hours Battery Ba...,859,4
948,Dee-Gee Super Ultra Boost Mini 3 Watt Wireless Bluetoot...,481,3.8
949,Akai TroopBox TB110 10 W Bluetooth Speaker,"1,599",0
950,JBL Flip 4 16 W Portable Bluetooth Speaker,"7,999",4.4
951,IMPEX RHYTHM B 45 W Bluetooth Home Theatre,"4,249",4
952,CIHYARD Bluetooth Speaker Power boost high sound blast ...,474,4
953,9 CORE HT-BT-1011 BASS SOUND KA BAAP 9 W Bluetooth Home...,"3,999",3.5
954,DAB 5 inch Black Speaker Woofer 72x15 for Column / Towe...,299,3.9
955,Mivi Play 5 W Portable Bluetooth Speaker,799,4.2
956,I Kall IK007 Tower Speaker 80 W Bluetooth Tower Speaker,"3,749",0
957,"ZEBRONICS ZEB-PLUTO 5 W Laptop/Desktop Speaker (Black, ...",419,4.2
958,Ahuja Ceiling Speaker CS-6081T 6 W Home Theatre,"1,390",3.4
959,ATARC 2021 Top Selling Ultra Premium Bluetooth Speaker ...,477,4
960,JBL GO3 4.2 W Bluetooth Speaker,"3,499",4.3
961,Target TARGET TT-D5161 5.1 MULTIMEDIA SPEAKERS 155 WATT...,"3,399",0
962,Dilurban Top Ratting Super Bass DJ Sound Quality Crysta...,528,3.5
963,SHOPLINE SP-T-113-SPKR2 9 W Bluetooth Speaker,379,3.7
964,Worricow Upgraded Version Latest KBK-4011 Ultra 3D Soun...,549,3.5
965,Frontech SW-0059 USB Powered 3 W Laptop/Desktop Speaker,199,3.9
966,SONY SRS-NB10 56 W Bluetooth Speaker,"11,990",4.8
967,Aroma Studio 1 Pro High Sound Quality With 6 Hours Play...,499,4
968,kluzie TOP SELLING WS-01 Super Bass Portable Wireless s...,449,4
969,XEWISS branded original top sellingCool Bass Powered Sp...,997,4.1
970,Lenovo Smart Display with Google Assistant Smart Speake...,"10,990",4.2
971,SHOPLINE SP-T-113-SPKR4 9 W Bluetooth Speaker,379,3.7
972,U&i Woof Series Mini Speaker with TWS Function UiBS 236...,669,4
973,ANY KART Mini home theater wireless speaker Dynamic Sou...,479,4.4
974,T-Series M-4444BT 4.1 Channel Bluetooth Multimedia Spea...,"4,740",4.1
975,SAMSUNG HW-T42E/XL Dolby Digital 150 W Bluetooth Soundb...,"8,199",4.1
976,"Barry John Muzik Tower Speaker with AUX, USB, Bluetooth...","2,205",0
977,Clavier supersonic portable bluetooth speaker black 10 ...,"1,175",5
978,LG Sp11ra 770 W Bluetooth Soundbar,"82,616",0
979,ATARC 311 Premium Shockproof & Bluetooth Speaker Red 10...,461,3.9
980,iball Boom Box BT 80 WATTS 5.1CH WOODEN REALISTIC DEEP ...,"5,800",3.7
981,ShowX Home theater 4.1 channel Multimedia Panther home ...,"1,497",0
982,Intex Beast 101 Plus 5 W Bluetooth Speaker,899,4
983,U&i Pickup Series 10W Bluetooth Soundbar with 6 Hours B...,999,4.1
984,Highstairs High StereoSound Bluetooth Wireless Speaker/...,"1,599",3.9
985,KRISONS Magic sound bar 6000 W Bluetooth Soundbar,"2,990",3.6
986,scherzando JM-8478 4.1 BLUETOOTH HOME THEATER 60 W Blue...,"1,799",0
987,Onix Portable Party Speaker OPS 20 With Wireless Mic 20...,"5,690",3.7
988,ZEBRONICS Zeb-Music Feast 100 with Bluetooth Supporting...,999,3.6
989,Wolgite TG-113 Premium SOUND BAR Shockproof & Splashpro...,379,3.8
990,TAGG Sonic Angle Mini 6 W Bluetooth Speaker,"1,399",4.4
991,U&i Sumo Series with Karaoke mic and 6 hours Battery Ba...,859,4
992,Treadmill NEW ARRIVAL WS-02 multimedia Dynamic Sound Ef...,499,3.7
993,ULTADOR 100% BRAND NEW WS-01 |3D sound| Splashproof| Wa...,521,0
994,Croma CREMP1902sBTBB 40 W Bluetooth PA Speaker,"4,999",5
995,IMPEX RHYTHM B 45 W Bluetooth Home Theatre,"4,249",4
996,"Qexle WS-887Wireless with Memory Card Slot, USB Pen Dri...",284,3.8
997,CIHLEX TOP SELLING |3D Ultra sound| Splashproof| Water ...,379,3.8
998,saregama Carvaan Mini SCM02/SCM04 3 W Bluetooth Speaker,"2,099",4.3
999,Mivi Play 5 W Portable Bluetooth Speaker,799,4.2
