,name,price,discount
0,Running Shoes For Men,₹209,58% off
1,Exclusive Range of Stylish Casual Walking Comfortable S...,₹192,72% off
2,Revolution 6 Next Nature Road s Running Shoes For Men,"₹2,277",38% off
3,Revolution 6 Next Nature Road s Running Shoes For Men,"₹2,277",38% off
4,Exclusive Range of Stylish Comfortable Sports Sneakers ...,₹247,75% off
5,Running Shoes For Men,₹249,75% off
6,Running Shoes For Men,₹599,70% off
7,Running Shoes For Men Running Shoes For Men,₹399,60% off
8,Canvas Shoes For Men,₹374,62% off
9,Loafers For Men,₹251,74% off
10,Fit-Man Slip On Sneakers For Men,₹159,87% off
11,Designer Loafers For Men,₹204,59% off
12,Sneakers For Men,₹399,60% off
13,Stylish Casual Sports Shoe Sneakers For Women Sneakers ...,₹388,61% off
14,Tesla-44 Running Shoes For Men,₹394,60% off
15,JK Port Fashionable Sports Shoes Running Shoes For Men,₹449,55% off
16,Stride Runner Running Shoes For Men,₹994,47% off
17,Running Shoes For Men,₹269,73% off
18,SOCKS Training & Gym Shoes For Men,₹349,70% off
19,SOCKS Running Shoes For Men,₹349,65% off
20,HURRICANE Running Shoes For Men,₹749,42% off
21,Sneakers For Men,₹348,65% off
22,"Casual , Partywear Sneakers Shoes For Men's And Boys Wh...",₹249,62% off
23,5013-Latest Collection Stylish & Trendy of casuals Snea...,₹159,68% off
24,5011-Latest Collection Stylish & Trendy Casual Sneakers...,₹159,68% off
25,Loafers For Men,₹199,80% off
26,Sneakers For Men,₹317,68% off
27,Mojaris For Men,₹349,65% off
28,Running Shoes Running Shoes For Men,₹249,75% off
29,Asian Hattrick-21 sports shoes for men | Latest Stylish...,₹649,48% off
30,Creta-12 sports shoes for men | Latest Stylish Casual s...,₹648,50% off
31,Plasma-08 sports shoes for men | Latest Stylish Casual ...,₹549,56% off
32,Energy Runner 2.0 Running Shoes For Men,"₹1,214",47% off
33,Men 9323 Latest Collection Stylish Sports Sneakers Runn...,₹199,80% off
34,GEL CONTEND 4B+ Running Shoes For Men,"₹2,349",36% off
35,Trendy Men Sports Running Running Shoes For Men,₹249,80% off
36,Stylish Good Looking Casual Shoes Loafers For Men,₹389,61% off
37,Fit-Man Slip On Sneakers For Men,₹159,87% off
38,Casuals For Men,₹349,82% off
39,Royal Look Party Wear Shoes For Men ll Casual Shoes For...,₹669,48% off
40,Loafers For Men,₹289,71% off
41,Superfly-01 Grey Sports Shoes with Beads Technology Sol...,₹789,60% off
42,Running Shoes For Men,₹249,75% off
43,"Spider-01 White Sports,Casual,Walking,Gym, Running Shoe...","₹1,149",42% off
44,wndr-13 sports shoes for men | Latest Stylish Casual sp...,₹448,35% off
45,GEL CONTEND 4B+ Running Shoes For Men,"₹1,791",51% off
46,CUBIC_1 Running Shoes For Men,₹229,82% off
47,Running Shoes For Men,₹249,75% off
48,Plasma-08 sports shoes for men | Latest Stylish Casual ...,₹549,56% off
49,Rafale-01 sports shoes for men | Latest Stylish Casual ...,₹549,57% off
50,Running Shoes For Men,₹349,65% off
51,Boots For Men,₹429,57% off
52,Oxygen-01 navy Running shoes dual capsule technology fo...,"₹1,048",47% off
53,Sneakers For Men,₹399,60% off
54,Designer Loafers For Men,₹204,59% off
55,Boots For Men,₹499,50% off
56,Casuals For Men,"₹1,148",42% off
57,Stylish Good Looking Casual Loafers Loafers For Men,₹399,60% off
58,"Casuals, Canvas, Partywear Sneakers For Men",₹394,60% off
59,Crystal-13 Black sky Sports Transparent Sole Technology...,"₹1,348",41% off
60,Women's Mesh Sports Shoes Walking Running Shoes For Wom...,₹398,60% off
61,Creta-12 sports shoes for men | Latest Stylish Casual s...,₹659,49% off
62,New Design Lightweight Stylish and Tredy Sports Running...,₹289,71% off
63,Rider-01 White Running Shoes for Men I Sport Shoes for ...,"₹1,148",42% off
64,Running Shoes For Men,₹444,77% off
65,Revolution 4 Running Shoes For Men,"₹1,749",52% off
66,Creta-12 sports shoes for men | Latest Stylish Casual s...,₹659,49% off
67,Mesh Sports Walking Shoes For Men,₹249,50% off
68,Asian Plasma-08 sports shoes for men | Latest Stylish C...,₹549,56% off
69,Future-01 running shoes For Men,₹436,32% off
70,Oxygen-01 white Running shoes dual capsule technology f...,"₹1,048",47% off
71,Missile-01 grey Running Shoes for Men I Sport Shoes for...,"₹1,248",37% off
72,Casual Boot Boots For Men,₹549,72% off
73,White Sneaker For Men's/Boy's Sneakers For Men,₹349,65% off
74,Royal Look Party Wear Shoes For Men ll Casual Shoes For...,₹669,48% off
75,For Men,₹269,86% off
76,Casuals For Men,₹349,65% off
77,Sneakers For Men,₹269,73% off
78,Revolution 6 Next Nature WoRoad s Running Shoes For Wom...,"₹2,342",36% off
79,Hustle V2 Wns Running Shoes For Women,"₹1,139",71% off
80,Black Synthetic Leather Casual Loafer Loafers For Men,₹416,58% off
81,"Casual , Partywear Sneakers Shoes For Men's And Boys Wh...",₹334,66% off
82,Austin 2.0 W Running Shoes For Women,"₹1,273",44% off
83,"Cosko Sports Shoes,Running Shoes,Walking Shoes,Training...",₹548,45% off
84,Bouncer-01 Running shoes for boys | sports shoes for me...,₹449,55% off
85,Gym/Walking/Running Running Shoes For Men,₹399,60% off
86,LeBron Witness 6 EP Basketball Shoes Basketball Shoes F...,"₹5,175",37% off
87,Aadi Gym/Walking/Running Walking Shoes For Men,₹444,77% off
88,Sneakers For Men,"₹1,099",45% off
89,Men 9324 Latest Collection Stylish Sports Sneakers Runn...,₹199,80% off
90,"Cosko Black Sports Shoes,Running Shoes,Walking Shoes,Tr...",₹548,45% off
91,Royal Look Party Wear Shoes For Men ll Casual Shoes For...,₹669,48% off
92,Sneakers For Men,₹349,65% off
93,Sneakers For Men,₹351,64% off
94,Casuals For Men,₹399,60% off
95,Sneakers For Men,₹424,57% off
96,Sneakers For Women,₹479,68% off
97,Adiscend M Running Shoes For Men,"₹1,599",46% off
98,Easywalk-08 Running shoes for boys |sports shoes for me...,₹648,35% off
99,Alpine Running Shoes For Men,"₹1,669",58% off
100,Outdoors For Men,₹544,72% off
101,Worldcup-03 Running shoes for boys | sports shoes for m...,"₹1,049",47% off
102,GS-CRAFTON Running Shoes For Men,"₹1,524",64% off
103,Century-12 Running shoes for boys | sports shoes for me...,₹498,50% off
104,Running Shoes For Men,₹449,55% off
105,Casuals For Men,"₹1,299",71% off
106,Loafers For Men,₹199,80% off
107,Loafers For Men,₹289,71% off
108,casual for men Sneakers For Men,₹399,60% off
109,Loafers For Men,₹399,60% off
110,Zipper Synthetic Leather Casual Partywear New Design St...,₹359,64% off
111,Easywalk-08 Running shoes for boys |sports shoes for me...,₹648,35% off
112,Running Shoes Running Shoes For Men,₹449,55% off
113,Running Shoes For Men,₹348,65% off
114,Double protection Stylish & Comfortable Running & Sport...,₹586,70% off
115,"Stylish and Trendy New Design Lightweight, Breathable W...",₹246,50% off
116,Running Shoes For Men,₹349,65% off
117,Bouncer-01 for boys | sports shoes | Latest Stylish Cas...,₹449,55% off
118,GS CRAFTON Running Shoes For Men,"₹1,642",61% off
119,Legend Essential 2 Training & Gym Shoes For Men,"₹2,782",38% off
120,Casuals For Men,₹348,82% off
121,Brown Synthetic Leather Casual Loafer Loafers For Men,₹374,62% off
122,casual for men Sneakers For Men,₹399,60% off
123,"Spider-01 White Sports,Casual,Walking,Gym, Running Shoe...","₹1,149",42% off
124,Latest Collection-1227 Stylish Casual Sports Sneakers F...,₹209,58% off
125,MEN's Boots For Men,₹449,77% off
126,Zipper Synthetic Leather Casual Partywear New Design St...,₹359,64% off
127,Running Shoes For Men,₹249,75% off
128,Popcorn-02 white Sport Shoes with Beads Technology Sole...,₹949,52% off
129,Go Walk 4 Walking Shoes For Men,"₹2,771",51% off
130,Stride Runner Running Shoes For Men,₹994,47% off
131,Boots For Men,₹429,57% off
132,Running Shoes For Men,₹229,77% off
133,Lace Up For Men,₹309,69% off
134,Century-12 Running shoes for boys | sports shoes for me...,₹498,50% off
135,Boots For Men,₹499,50% off
136,Double protection Stylish & Comfortable Running & Sport...,₹586,70% off
137,REVOLUTION 4 Running Shoes For Men,"₹1,749",52% off
138,Casuals For Men,₹449,77% off
139,Crystal-13 Black sky Sports Transparent Sole Technology...,"₹1,348",41% off
140,Sneakers For Men,₹349,65% off
141,Synthetic Leather Loafers For Men,₹949,52% off
142,High Tops For Men,"₹1,299",71% off
143,Rider-01 White Running Shoes for Men I Sport Shoes for ...,"₹1,148",42% off
144,Latest Collection Black-349 Trendy & Stylish Casual Sne...,₹199,60% off
145,Walking Shoes For Women,₹398,60% off
146,Mesh Running Shoes For Men,₹269,73% off
147,Mesh Sports Walking Shoes For Men,₹249,50% off
148,"Bersache Sports (Walking & Gym Shoes) Running, Loafers,...",₹249,50% off
149,Worldcup-03 Running shoes for boys | sports shoes for m...,"₹1,049",47% off
150,Wndr-13 sports shoes for men | Latest Stylish Casual sp...,₹448,35% off
151,Missile-01 grey Running Shoes for Men I Sport Shoes for...,"₹1,248",37% off
152,wndr-13 sports shoes for men | Latest Stylish Casual sp...,₹448,35% off
153,Comfortable and Stylish Sports Shoes Running Shoes For ...,₹289,42% off
154,Exclusive Range of Stylish Casual Walking Comfortable S...,₹209,58% off
155,For Men,₹269,86% off
156,Walking Shoes For Men,₹448,35% off
157,Sports Running Shoes Sneakers For Men,₹289,71% off
158,Stylish & Trending Outdoor Walking Comfortable Sneakers...,₹549,54% off
159,Hustle V2 Wns Running Shoes For Women,"₹1,139",71% off
160,Running Shoes For Men,₹549,54% off
161,IGNITE PRO Running Shoes For Men,₹697,36% off
162,Loafers For Men,₹159,84% off
163,"Spider-01 White Sports,Casual,Walking,Gym, Running Shoe...","₹1,149",42% off
164,Sneakers For Men,₹349,82% off
165,AART CORE Sneaker For Men,₹909,69% off
166,Stylish White Casual Sneakers shoes Men and Boys Sneake...,₹399,60% off
167,Running Shoes For Men,₹249,75% off
168,Casual Sneakers White Shoes For Men Sneakers For Men,₹424,57% off
169,Running Shoes For Women,₹438,56% off
170,Running Shoes For Men,"₹1,049",47% off
171,Crystal-13 Black sky Sports Transparent Sole Technology...,"₹1,348",41% off
172,Energy Runner 2.0 Running Shoes For Men,"₹1,260",45% off
173,Creta-12 sports shoes for men | Latest Stylish Casual s...,₹659,49% off
174,STYLISH LIGHT WEIGHT SPORTS SHOES FOR BOYS Slip On Snea...,₹389,70% off
175,Boots For Men,₹499,50% off
176,Go Walk Evolution Ultra- Mood Walking Shoes For Men,"₹2,821",51% off
177,SOCKS Running Shoes For Men,₹349,65% off
178,DREAMPLEX Running Shoes For Men,"₹1,629",32% off
179,Rider-01 White Running Shoes for Men I Sport Shoes for ...,"₹1,148",42% off
180,Bouncer-01 Running shoes for boys | sports shoes for me...,₹499,50% off
181,OXYFIT (N) Casuals For Men,₹649,35% off
182,Foundational Leather Jack Purcell Gold Standard Sneaker...,"₹1,569",73% off
183,Missile-01 grey Running Shoes for Men I Sport Shoes for...,"₹1,248",37% off
184,Trendy Sneakers For Men,₹349,65% off
185,CUBIC_1 Running Shoes For Men,₹229,82% off
186,Mesh Casuals For Men,₹361,63% off
187,Hustle V2 Wns Running Shoes For Women,"₹1,139",71% off
188,MICROBURST 2.0 - BE ICONIC Walking Shoes For Women,"₹2,279",58% off
189,Walking Shoes For Men,"₹1,069",78% off
190,Crystal-05 Grey Running Shoes for Men I Sport Shoes for...,"₹1,149",42% off
191,For Men,₹269,86% off
192,Oxygen Running Shoes For Men,₹394,60% off
193,ROYCE-2 Running Shoes For Men,₹894,14% off
194,LIFT Running Shoes For Men,₹997,37% off
195,Mesh Sports Walking Shoes For Men,₹249,50% off
196,Lace Up For Men,₹449,55% off
197,GEL CONTEND 4B Running Shoes For Men,"₹1,794",58% off
198,Edge Identity Running Shoes For Men,"₹1,379",46% off
199,Walking Shoes For Women,₹412,58% off
200,"Training,Walking,Gym,Sports Running Shoes For Men",₹394,60% off
201,Running Shoes For Men,₹449,55% off
202,"Spider-01 White Sports,Casual,Walking,Gym, Running Shoe...","₹1,149",42% off
203,"Spider-01 White Sports,Casual,Walking,Gym, Running Shoe...","₹1,149",42% off
204,Boots For Men,₹549,45% off
205,"ReeTrip-05 Mocassin, Casuals, Party Wear Loafers For Me...",₹394,60% off
206,Loafers For Men,₹479,52% off
207,Crystal-13 Black sky Sports Transparent Sole Technology...,"₹1,348",41% off
208,Anzarun Grid Sneakers For Men,"₹3,009",49% off
209,New Trendy For Men,₹429,57% off
210,Superfly-01 White Sports Shoes with Beads Technology So...,₹789,60% off
211,Running Shoes For Men,₹249,75% off
212,Splash Running Shoes For Men,₹689,70% off
213,Hustle V2 Running Shoes For Men,"₹1,349",66% off
214,PLATEUE Running Shoes For Men,₹997,37% off
215,Rider-01 White Running Shoes for Men I Sport Shoes for ...,"₹1,148",42% off
216,Running Shoes For Men,"₹1,027",79% off
217,Easywalk-08 Running shoes for boys |sports shoes for me...,₹648,35% off
218,GRAFITE Running Shoes For Men,"₹2,249",51% off
219,Missile-01 grey Running Shoes for Men I Sport Shoes for...,"₹1,248",37% off
220,Cosko sports shoes for men | Latest Stylish Casual spor...,₹548,45% off
221,HURRICANE Running Shoes For Men,₹849,34% off
222,Casuals For Men,₹209,79% off
223,Boots For Men,₹499,50% off
224,Royal Look Party Wear Shoes ll Casual Shoes ll Latest P...,₹669,48% off
225,OXYFIT (N) Casuals For Men,₹649,35% off
226,"Stylish Comfortable Lightweight, Breathable Casual Walk...",₹289,71% off
227,Hustle V2 Wns Running Shoes For Women,"₹1,139",71% off
228,JFWMARK SKATE HI High Tops For Men,₹609,79% off
229,Walking Shoes For Women,₹389,61% off
230,Oxygen Running Shoes For Men,₹394,60% off
231,Walking Shoes For Women,₹412,58% off
232,Running Shoes For Men,₹549,54% off
233,Stride Walker Walking Shoes For Men,"₹1,168",49% off
234,HURRICANE Running Shoes For Men,₹749,42% off
235,Mesh Sports Walking Shoes For Men,₹249,50% off
236,Crystal-13 Black Sports Transparent Sole Technology Run...,"₹1,348",41% off
237,Black Synthetic Leather Formal Shoes Slip On For Men,₹399,60% off
238,"Superwalk-08 Grey Slipon Sports,Walking,Casual, Running...",₹699,53% off
239,Advantage Base Tennis Shoes For Men,"₹1,499",70% off
240,GO WALK 4 Walking Shoes For Men,"₹2,920",51% off
241,Black Synthetic Leather Formal Shoes Slip On For Men,₹349,65% off
242,Crystal-05 Grey Running Shoes for Men I Sport Shoes for...,"₹1,149",42% off
243,"Innova-01 White Sports,Walking,Training, Running Shoes ...",₹949,52% off
244,MCW-145 Running Shoes For Men,₹229,82% off
245,HURRICANE Running Shoes For Men,₹749,42% off
246,For Men,₹269,86% off
247,Running Shoes For Men,₹349,65% off
248,Sneakers For Men,₹209,79% off
249,Sneakers For Men,"₹1,499",58% off
250,"Skypy-31 Walking Shoes,Training Shoes,Sneakers,Loafers,...",₹498,37% off
251,Cute sports shoes for women | Running shoes for girls s...,₹426,34% off
252,Rafale-01 sports shoes for men | Latest Stylish Casual ...,₹549,57% off
253,Running Shoes For Men,₹203,79% off
254,wndr-13 sports shoes for men | Latest Stylish Casual sp...,₹448,35% off
255,REVOLUTION 4 Running Shoes For Men,"₹1,749",52% off
256,Glarus M Running Shoes For Men,"₹1,424",43% off
257,Energy Runner 2.0 Running Shoes For Men,"₹1,306",43% off
258,ORIGINE Running Shoes For Men,₹859,33% off
259,Walking Shoes For Men,₹448,35% off
260,Court Royale 2 Next Nature Sneakers For Men,"₹2,386",40% off
261,"Mens Stylish Causal, Partywear, Latest Loafers For Men",₹289,71% off
262,"Skypy-31 Walking Shoes,Training Shoes,Sneakers,Loafers,...",₹448,43% off
263,Casuals For Men,₹269,73% off
264,Casuals For Men,₹443,77% off
265,Hustle V2 Wns Running Shoes For Women,"₹1,139",71% off
266,Crystal-13 Black sky Sports Transparent Sole Technology...,"₹1,349",41% off
267,Oxygen Running Shoes For Men,₹394,60% off
268,Ozone-01 Grey Running Shoes for Men I Sport Shoes for B...,"₹1,099",45% off
269,Long OfficeWear Corporate Casuals For Men,₹394,60% off
270,Rafale-01 sports shoes for men | Latest Stylish Casual ...,₹549,57% off
271,Lace Up For Men,₹449,55% off
272,GEL-CONTEND 4B+ Running Shoes For Men,"₹1,984",46% off
273,"Innova-01 Grey Sports,Walking,Training, Running Shoes F...",₹949,52% off
274,Casuals For Men,"₹1,837",59% off
275,Latest Collection-1216 Stylish Casual Sports Sneakers F...,₹159,68% off
276,Loafers For Men,₹449,10% off
277,Sneakers For Men,₹499,50% off
278,Casuals For Men,₹209,79% off
279,Revolution 6 Next Nature 's Road Running Shoes For Wome...,"₹2,333",36% off
280,"Waterproof-13 Gray Sports,Casual,Walking,Gym,Training, ...",₹599,53% off
281,VERTIGO BLK RUNNING SHOES For MEN 7 Running Shoes For M...,₹749,70% off
282,Synthetic Leather Casual Office Use Wedding Formal Shoe...,₹429,57% off
283,Edge Identity Running Shoes For Men,"₹1,327",48% off
284,"Sports Shoes,Running Shoes, Lace Up, Gym Shoes, Top Rat...",₹249,50% off
285,Energy Runner 2.0 Running Shoes For Men,"₹1,260",45% off
286,Bullet-02 Walking Shoes For Men,₹399,33% off
287,wndr-13 sports shoes for men | Latest Stylish Casual sp...,₹448,35% off
288,True Black Shoe Sneakers For Men,₹911,64% off
289,"Stylish Comfortable Lightweight, Breathable Walking Sho...",₹325,67% off
290,BOUNDER - VERKONA Casuals For Men,"₹2,821",51% off
291,SHP3008 Loafers For Men,₹629,62% off
292,Star Casuals For Men,"₹1,029",68% off
293,Walking Shoes For Women,₹398,60% off
294,Walking Shoes For Men,"₹1,542",73% off
295,Onehill Running Shoes For Men,"₹1,798",58% off
296,Sprintfit Running Shoes For Men,"₹1,327",48% off
297,Clear Factor M Running Shoes For Men,₹997,60% off
298,Running Shoes For Men,₹997,63% off
299,Waterproof-03 sports shoes for men | Latest Stylish Cas...,₹548,45% off
300,Hustle V2 Running Shoes For Men,"₹1,349",66% off
301,Running Shoes For Men,"₹1,349",61% off
302,Synthetic Leather Slip-ON Casual/Outdoor Sandal For Men,₹414,86% off
303,OXYFIT (N) Casuals For Men,₹649,35% off
304,casual for men Sneakers For Men,₹399,60% off
305,Outdoors For Men,"₹1,597",46% off
306,Boots For Men,₹444,55% off
307,SKECH-AIR DYNAMIGHT-PARADISE Walking Shoes For Women,"₹2,069",58% off
308,BRAZIL PRO Running Shoes For Men,₹997,37% off
309,MCW-145 Running Shoes For Men,₹233,82% off
310,Zelt Sl 2.0 M Running Shoes For Men,"₹1,918",60% off
311,Kzaara Brown Formals For Men's For Men,₹399,60% off
312,REEBOK CANTON RUNNER Running Shoes For Men,"₹1,677",53% off
313,Running Shoes For Men,₹997,64% off
314,Running Shoes For Men,₹349,82% off
315,Flydoot M Running Shoes For Men,"₹2,077",51% off
316,Sneakers For Men Sneakers For Men,₹289,71% off
317,Casuals For Men,"₹1,872",46% off
318,Puma Smash v2 L Sneakers For Men,"₹1,734",50% off
319,Slip On Sneakers For Men,₹186,81% off
320,Outdoors For Men,"₹2,492",34% off
321,Women's Mesh Sports Shoes Walking Walking Shoes For Wom...,₹398,60% off
322,PLATEUE Running Shoes For Men,₹997,37% off
323,"Spider-01 White Sports,Casual,Walking,Gym, Running Shoe...","₹1,149",42% off
324,"Plasma-05 Navy Sports,Walking,Casual, Running Shoes For...",₹549,56% off
325,Running Shoes For Men,₹349,65% off
326,FLOATRIDE ENERGY 4.0 Running Shoes For Men,"₹5,449",45% off
327,Running Shoes For Men,₹249,75% off
328,IMAGINE Running Shoes For Men,₹997,41% off
329,BELGIUM Running Shoes For Men,₹997,33% off
330,Worldcup-03 Running shoes for boys | sports shoes for m...,"₹1,049",47% off
331,Crystal-13 Black sky Sports Transparent Sole Technology...,"₹1,348",41% off
332,ENERGEN LITE Running Shoes For Men,"₹2,253",53% off
333,LEBRON 2.0 GRN Sneakers For Men,"₹2,229",44% off
334,JFWMARK SKATE HI High Tops For Men,₹609,79% off
335,Rider-01 White Running Shoes for Men I Sport Shoes for ...,"₹1,148",42% off
336,Canvas Shoes For Men,"₹1,327",42% off
337,Loafers For Men,₹394,60% off
338,Slip On Sneakers For Men,"₹1,420",35% off
339,Missile-01 grey Running Shoes for Men I Sport Shoes for...,"₹1,248",37% off
340,Revolution 6 Next Nature 's Road Running Shoes For Wome...,"₹2,333",36% off
341,RENEGADE Running Shoes For Men,"₹1,445",34% off
342,Running Shoes For Men,"₹1,509",63% off
343,Hustle V2 Wns Running Shoes For Women,"₹1,139",71% off
344,Missile-01 Slate blue Transparent Sole Technology Runni...,"₹1,248",37% off
345,OXYFIT PRO Running Shoes For Men,₹629,21% off
346,BOUNDER-MIRKLE Running Shoes For Men,"₹2,672",51% off
347,Walking Shoes For Women,₹412,58% off
348,Future-01 running shoes For Men,₹436,32% off
349,ALGERIA Running Shoes For Men,₹997,37% off
350,Walking Shoes For Men,"₹1,069",78% off
351,For Men,₹269,86% off
352,Casual Sneakrs For Men Sneakers For Men,₹549,57% off
353,Mesh Loafers For Men,₹234,76% off
354,Rebound LayUp SL High Tops For Men,"₹2,499",50% off
355,Mesh Sports Walking Shoes For Men,₹249,50% off
356,Sneakers For Men,"₹1,239",62% off
357,Boots For Men,₹499,50% off
358,Barfi-02 Grey Casual sneakers for ladies | sports shoes...,₹238,52% off
359,Advantage Base Tennis Shoes For Men,"₹1,499",70% off
360,Boots For Men,₹499,50% off
361,Mesh Loafers For Men,₹234,76% off
362,Boots For Men,"₹2,861",45% off
363,Hustle V2 Wns Running Shoes For Women,"₹1,139",71% off
364,Running Shoes For Men,₹549,54% off
365,OXYFIT PRO Running Shoes For Men,₹629,21% off
366,CRUNCH Running Shoes For Men,₹669,25% off
367,Running Shoesstyle For Men,₹997,64% off
368,REVOLUTION 5 Running Shoes For Men,"₹1,295",64% off
369,Walking Shoes For Men,"₹1,027",79% off
370,EOS Running Shoes For Men,₹997,41% off
371,Running Shoes For Men,₹349,65% off
372,Outdoors For Men,"₹2,492",34% off
373,Lucifo M Slip On Sneakers For Men,"₹1,424",43% off
374,Loafers For Men,₹394,60% off
375,Outdoors For Men,"₹1,872",46% off
376,SPORT COURT 92 Sneakers For Men,"₹2,672",51% off
377,ALICE Running Shoes For Women,"₹1,039",20% off
378,Missile-01 Running Shoes For Men,"₹1,248",37% off
379,Renew Retaliation TR 3 Training & Gym Shoes For Men,"₹5,945",0
380,GO WALK EVOLUTION ULTRA-IMPEC Walking Shoes For Men,"₹2,672",51% off
381,Airsocks-12 sports shoes for men | Latest Stylish Casua...,₹598,60% off
382,THRILL Running Shoes For Men,₹997,41% off
383,Running Shoes For Men,₹399,60% off
384,"Running Sports Shoes,Lace-Up,PVC For Men (1566) Running...",₹249,50% off
385,Crystal-05 Black Running Shoes for Men I Sport Shoes fo...,"₹1,149",42% off
386,Loafers for Men ( Brown 07 ) Loafers For Men,₹444,55% off
387,Puma Wired Cage Sneakers For Men,"₹1,469",58% off
388,Sneakers For Men,₹549,45% off
389,Sneakers For Men,"₹1,308",63% off
390,PRO-NP-AW08 Sneakers For Men,₹449,78% off
391,Nike Revolution 6 Next Nature Women's Road Running Shoe...,"₹2,342",36% off
392,TYSON Running Shoes For Men,₹631,47% off
393,SIMBA PRO Running Shoes For Men,₹997,37% off
394,STYLISH LIGHT WEIGHT SPORTS SHOES FOR BOYS Slip On Snea...,₹372,71% off
395,Future-04 laceless sports shoes for men | Latest Stylis...,₹448,35% off
396,Monarch II FG/AG Football Shoes For Men,"₹2,069",48% off
397,Fitness 24/7 Running Shoes For Men,"₹1,698",48% off
398,Delta-14 sports shoes for men | Latest Stylish Casual s...,₹698,46% off
399,21 NDR V2 Tennis Shoes For Men,"₹2,149",46% off
400,Quarter block Sneakers For Men,"₹1,454",58% off
401,Rocky Boots For Men Boots For Men,₹509,60% off
402,Sneakers For Men,"₹1,387",42% off
403,"Spider-01 White Sports,Casual,Walking,Gym, Running Shoe...","₹1,149",42% off
404,Fashion wear Casuals For Men,"₹2,254",38% off
405,High Tops For Men,"₹1,028",55% off
406,Sneakers For Women,₹414,58% off
407,Boots For Men,₹429,57% off
408,PATRIK PRO Running Shoes For Men,"₹1,049",19% off
409,Casuals For Men,₹269,73% off
410,Air Max SC Running Shoes For Men,"₹3,726",37% off
411,Running Shoes For Men,₹249,75% off
412,CALIFORNIA Running Shoes For Men,"₹1,241",34% off
413,Mesh Running Shoes For Men,₹269,73% off
414,Bouncer-01 Running shoes for boys | sports shoes for me...,₹499,50% off
415,Crystal-13 Black sky Sports Transparent Sole Technology...,"₹1,348",41% off
416,"Waterproof-13 Grey Orange Sports,Casual,Walking,Gym,Tra...",₹599,53% off
417,"Gravity-01 Beige Sports, Walking, Training, Gym, Stylis...","₹1,049",54% off
418,Outdoor For Men,"₹2,112",44% off
419,Boots For Men,₹499,50% off
420,Mesh Lace-Up Casual Shoes For Men,₹399,86% off
421,Turin 3 Sneakers For Men,"₹2,493",48% off
422,Outdoors For Men,"₹1,872",46% off
423,Rider-01 White Running Shoes for Men I Sport Shoes for ...,"₹1,148",42% off
424,LEBRON 2.0 GRY Sneakers For Men,"₹2,309",42% off
425,Nike Revolution 6 Next Nature Women's Road Running Shoe...,"₹2,342",36% off
426,ROYCE-2 Running Shoes For Men,₹894,14% off
427,Missile-01 grey Running Shoes for Men I Sport Shoes for...,"₹1,248",37% off
428,Lazy Knit Slip On Walking Shoes For Men,"₹1,365",54% off
429,CRYSTA Running Shoes For Men,₹684,34% off
430,Red-Marathon Running Shoes For Men,₹549,45% off
431,Hustle V2 Wns Running Shoes For Women,"₹1,139",71% off
432,Go Walk Walking Shoes For Men,"₹2,821",51% off
433,Splash Black/ Lime Running Shoes For Men 7 Running Shoe...,₹799,65% off
434,Running Shoes For Men,"₹1,349",61% off
435,For Men,₹269,86% off
436,Track - Knockhill Walking Shoes For Men,"₹2,425",51% off
437,Loafers For Men,₹394,60% off
438,Casual For Men,"₹2,226",41% off
439,Mesh Sports Walking Shoes For Men,₹249,50% off
440,BELGIUM Running Shoes For Men,₹997,33% off
441,LUCIFER Running Shoes For Men,₹859,33% off
442,Casuals For Men,"₹1,884",44% off
443,"Spider-01 White Sports,Casual,Walking,Gym, Running Shoe...","₹1,149",42% off
444,Casual For Men,"₹1,884",44% off
445,Loafers For Men,₹394,60% off
446,Slip On Sneakers For Men,"₹1,420",35% off
447,Running Shoes For Men,₹249,75% off
448,Casual For Men,"₹2,226",41% off
449,Revolution 6 Next Nature WoRoad s Running Shoes For Wom...,"₹2,342",36% off
450,LITE RACER 3.0 Running Shoes For Men,"₹2,479",46% off
451,Crystal-13 Black sky Sports Transparent Sole Technology...,"₹1,348",41% off
452,CRYSTA PRO Running Shoes For Men,₹833,35% off
453,XING Running Shoes For Men,"₹1,349",32% off
454,Fluo M Running Shoes For Men,"₹1,963",48% off
455,Rider-01 White Running Shoes for Men I Sport Shoes for ...,"₹1,148",42% off
456,Fusion Lux Running Shoes For Men,"₹1,209",42% off
457,Comfortable and Stylish Boys Sports Shoes Running Shoes...,₹289,42% off
458,SPOTLIGHT Walking Shoes For Men,"₹1,188",43% off
459,Missile-01 grey Running Shoes for Men I Sport Shoes for...,"₹1,248",37% off
460,BROMAX Running Shoes For Men,₹929,33% off
461,GARROMA Casuals For Men,₹997,56% off
462,Casuals For Men,"₹2,361",32% off
463,Hustle V2 Wns Running Shoes For Women,"₹1,139",71% off
464,Boots For Men,"₹2,390",49% off
465,Combo Fit-Man Red & Blue Loafers For Men,₹305,87% off
466,supr Loafers For Men,₹159,84% off
467,For Men,₹269,86% off
468,Fast Approach W Running Shoes For Women,"₹1,322",52% off
469,Plasma-05 casual shoes for men | Latest Stylish Casual ...,₹548,56% off
470,Oxygen Running Shoes For Men,₹394,60% off
471,Mesh Sports Walking Shoes For Men,₹249,50% off
472,Mizar Running Shoes For Men,"₹1,589",60% off
473,Essotera Flex Training & Gym Shoes For Men,"₹1,677",53% off
474,EMERGO RUNNER Running Shoes For Men,"₹1,433",48% off
475,Walking Shoes For Women,₹412,58% off
476,Uniflow M Running Shoes For Men,"₹1,698",48% off
477,CUBIC-1 Running Running Shoes For Men,₹229,82% off
478,Supertec Running Shoes For Men,"₹3,659",47% off
479,Boots For Men,₹499,50% off
480,Uniflow M Running Shoes For Men,"₹1,698",48% off
481,EMERGO RUNNER Running Shoes For Men,"₹1,433",48% off
482,Go Walk 4 Running Shoes For Men,"₹2,680",58% off
483,Running Shoes For Men,₹349,82% off
484,FITMAN-102 Loafers For Men,₹168,87% off
485,Loafers For Men,₹199,80% off
486,Casuals For Men,"₹2,361",32% off
487,TRAVIOS HIGH High Tops For Men,"₹1,533",65% off
488,Keenan Slip on Slip On Sneakers For Men,"₹1,359",54% off
489,Cute sports shoes for women | Running shoes for girls s...,₹426,34% off
490,D'LUX WALKER - PENSIVE Basketball Shoes For Men,"₹3,549",40% off
491,"Innova-01 Black Sports,Walking,Training, Running Shoes ...",₹949,52% off
492,Sneaker-03 Black Red Running shoes for boys |sports sho...,₹799,46% off
493,MAGNITE Running Shoes For Men,₹749,42% off
494,SIMBA PRO Running Shoes For Men,₹997,37% off
495,Go Walk 4 - Remarkable Walking Shoes For Men,"₹2,672",51% off
496,Flex Advantage 3.0 Running Shoes For Men,"₹2,672",51% off
497,BOUNDER-MIRKLE Running Shoes For Men,"₹2,672",51% off
498,"Casual , Partywear Sneakers Shoes For Men's And Boys Re...",₹296,70% off
499,ENERGY RACER-SWIFT LIFT Casuals For Men,"₹3,415",51% off
500,"Skypy-31 Walking Shoes,Training Shoes,Sneakers,Loafers,...",₹448,43% off
501,Francis Casuals For Men,"₹1,245",30% off
502,"SWIGGY Casual, Lace Up, Sneaker, canvas, Top rated, Lig...",₹191,61% off
503,CLAIRE (Collector's Edition) Running Shoes For Women,"₹1,034",20% off
504,STRIDE WALKER Walking Shoes For Men,"₹1,168",49% off
505,Alpine Running Shoes For Men,"₹1,669",58% off
506,ROYCE-2 Running Shoes For Men,₹894,14% off
507,Badminton Shoes For Men,"₹1,343",27% off
508,GEL-CONTEND 4B Running Shoes For Men,"₹2,509",41% off
509,STRIDE WALKER Walking Shoes For Men,"₹1,168",49% off
510,Sprintfit Running Shoes For Men,"₹1,327",48% off
511,TRAIL SCOUT 2 Running Shoes For Men,"₹2,559",43% off
512,LINOREE High Tops For Men,"₹1,461",65% off
513,Loafers For Men,₹649,61% off
514,For Men,₹309,84% off
515,Outdoor Casual Boots for Mens Boots For Men,₹400,59% off
516,Future Rider Twofold SD Sneakers For Men,"₹2,271",67% off
517,Bellies For Women,₹186,81% off
518,GEL-CONTEND 4B+ Running Shoes For Men,"₹2,095",43% off
519,WISDOM Running Shoes For Men,₹969,35% off
520,Legend Training & Gym Shoes For Men,"₹2,781",38% off
521,Badminton Shoes For Men,"₹2,245",42% off
522,Lace Up For Men,₹399,60% off
523,BARLEY Running Shoes For Men,₹791,39% off
524,CITY-RIDE Casuals For Men,₹997,41% off
525,MAX Running Shoes For Men,₹733,34% off
526,Corporate Casuals For Men,"₹2,346",41% off
527,Star Casuals For Men,"₹1,236",62% off
528,Bang Bang Boots For Men,₹589,70% off
529,Casual Boot Boots For Men,₹549,45% off
530,Mens Ultraforce Mid-top Athletic-Inspired Retro Fashion...,"₹1,149",54% off
531,Revolution 6 Next Nature WoRoad s Running Shoes For Wom...,"₹2,286",38% off
532,Oxford For Men,₹869,65% off
533,Go Walk Max-Deed Walking Shoes For Men,"₹2,425",51% off
534,Ultraboost 22 Running Shoes For Men,"₹9,849",45% off
535,Edge Identity Running Shoes For Men,"₹1,483",42% off
536,PATRIK PRO Running Shoes For Men,"₹1,049",19% off
537,Century-12 Running shoes for boys | sports shoes for me...,₹498,50% off
538,Solarsmash RCT Badminton Shoes For Men,"₹3,129",47% off
539,Cell Vive Evo Running Shoes For Men,"₹3,129",47% off
540,Casuals For Men,"₹2,426",39% off
541,Ferrari Race X-Ray 2 Sneakers For Men,"₹4,509",43% off
542,EVEREST Casuals For Men,₹999,33% off
543,Glory Sneakers For Men,"₹1,479",50% off
544,Casuals For Men,₹997,66% off
545,Sneakers For Women,₹414,58% off
546,ALLEN Running Shoes For Men,₹984,34% off
547,Air Monarch Iv Tennis Shoe For Men,"₹3,285",37% off
548,Comfortable and Stylish Sports Shoes Running Shoes For ...,₹289,42% off
549,Sprinter Running Shoes For Men,"₹1,539",48% off
550,TROPHY Running Shoes For Men,₹997,33% off
551,CARBONITE 4.0 Football Shoes For Men,₹502,40% off
552,"Durable Performance Cricket Shoes with Dual Closure, La...",₹849,62% off
553,SIMBA PRO Running Shoes For Men,₹997,37% off
554,Boots For Men,₹669,48% off
555,GLIDE ULTRA - OMANO Casuals For Men,"₹5,449",0
556,Sneakers For Men,"₹1,069",61% off
557,"SM-162 Navy Blue Walking Shoes,Training Shoes,Sneakers,...",₹448,35% off
558,Sneakers For Men,"₹1,239",62% off
559,ALICE Running Shoes For Women,"₹1,039",20% off
560,Oxygen Running Shoes For Men,₹394,60% off
561,"Wndr,Cosko-13 Full Black Boys School Shoes,Running Shoe...",₹548,45% off
562,EMERGO RUNNER Running Shoes For Men,"₹1,433",48% off
563,STYLISH LIGHT WEIGHT SPORTS SHOES FOR BOYS/MEN Slip On ...,₹389,70% off
564,Fusion Lux Running Shoes For Men,₹997,52% off
565,Running Shoes For Men,₹359,64% off
566,Training & Gym Shoes For Men,₹500,66% off
567,MAXICO Running Shoes For Men,"₹1,054",18% off
568,TRACK - KNOCKHILL Outdoors For Men,"₹2,425",51% off
569,Synthetic Leather Boots for Men Boots For Men,₹509,60% off
570,Casuals For Men,"₹2,046",41% off
571,Casuals For Men,"₹2,169",44% off
572,SIMON PRO Casuals For Men,₹809,46% off
573,Elasto-02 sports shoes for women | Running shoes for gi...,₹609,59% off
574,WATERPROOF-05cFULLWHITE Walking Shoes For Men,₹549,45% off
575,Nike City Rep TR Men's Training Shoes Training & Gym Sh...,"₹3,096",38% off
576,Free Run 5.0 Road s Running Shoes For Men,"₹5,175",37% off
577,BARLEY Running Shoes For Men,₹791,39% off
578,ENCOUNTER 8.0 Football Shoes For Men,₹535,42% off
579,Classigy M Running Shoes For Men,"₹1,324",47% off
580,KENT Running Shoes For Men,₹999,23% off
581,"Gravity-01 Beige Sports, Walking, Training, Gym, Stylis...","₹1,049",54% off
582,RS-Z BP Sneakers For Men,"₹5,249",47% off
583,Formal/Office Party Wear For Men,₹413,58% off
584,Smash Vulc Sneakers For Men,"₹1,887",50% off
585,Fashion Sneakers For Men,"₹1,148",54% off
586,Casuals For Men,"₹2,426",39% off
587,Revolution 6 Next Nature 's Road Running Shoes For Wome...,"₹2,342",36% off
588,ENCOUNTER 8.0 Football Shoes For Men,₹535,42% off
589,Men's Synthetic Leather Casual Office Use Wedding Forma...,₹357,64% off
590,Oxygen Running Shoes For Men,₹394,60% off
591,Nike Air Max Impact 2 Basketball Shoes Basketball Shoes...,"₹5,112",37% off
592,Worldcup-03 Running shoes for boys | sports shoes for m...,"₹1,049",47% off
593,Walking Shoes For Men,₹449,77% off
594,Cricket Shoes Rubber Studs Cricket Shoes For Men Cricke...,₹799,64% off
595,Velocity-01 White sports shoes for men Running Shoes Fo...,₹548,45% off
596,x KL Vegas High Tops For Men,"₹2,848",43% off
597,Casuals For Men,"₹2,425",34% off
598,Lace Up For Men,"₹1,325",69% off
599,Sneakers For Men,"₹1,349",55% off
600,x KL Vegas High Tops For Men,"₹2,848",43% off
601,Black Stylish Partywear Casual Shoes Bellies For Women,₹199,80% off
602,REEBOK LITE 3.0 Running Shoes For Men,"₹2,479",46% off
603,Kyrie Flytrap 5 EP Basketball Shoes Basketball Shoes Fo...,"₹5,112",37% off
604,Precision 5 Basketball Shoes For Men,"₹3,411",37% off
605,Black-Marathon Running Shoes For Men,₹549,45% off
606,Running Shoes For Men,₹399,60% off
607,Captain-12 Running shoes for boys | sports shoes for me...,₹548,45% off
608,GEL CONTEND 4B+ Running Shoes For Men,"₹1,602",54% off
609,Walking Shoes For Men,₹199,80% off
610,Lace Up For Men,"₹1,325",69% off
611,GARROMA Casuals For Men,₹997,56% off
612,High Tops For Men,"₹1,269",61% off
613,Sneakers For Men,₹429,57% off
614,Loafers For Men,"₹1,746",41% off
615,Perfect Jaipuri Stylish Wedding Casual Girls Shoes Bell...,₹233,76% off
616,Asian Velocity-01 sports shoes for men | Latest Stylish...,₹548,45% off
617,Running Shoes For Men,"₹1,394",17% off
618,GEL-ZARACA 5 B Running Shoes For Men,"₹2,300",53% off
619,Walking Shoes For Men,"₹1,069",78% off
620,GO WALK 4 -VIABILITY Walking Shoes For Men,"₹2,821",51% off
621,Zoom Span 4 Road Running Shoes For Men,"₹3,467",51% off
622,CARIO MOCC Slip On For Men,"₹1,299",48% off
623,WISDOM Running shoes Running Shoes For Men,₹969,35% off
624,Sneakers For Men,"₹1,279",63% off
625,Casuals For Men,"₹1,279",63% off
626,Outdoors For Men,"₹2,625",44% off
627,"Casual , Partywear Sneakers Shoes For Men's And Boys Lo...",₹347,65% off
628,EVEREST Casuals For Men,₹999,33% off
629,Barfi-02 Pink Casual sneakers for ladies | sports shoes...,₹238,52% off
630,GEL-COURTMOV Badminton Shoes For Men,"₹3,139",42% off
631,Marsh Cricket Shoes For Men,"₹1,236",38% off
632,"Delta-20 Black Sports,Casual,Walking,Gym, Running Shoes...",₹699,46% off
633,Fly.By Mid 2 Basketball Shoes For Men,"₹2,209",55% off
634,Walking Shoes For Men,"₹4,849",1% off
635,DRAGON Running Shoes For Men,"₹1,649",34% off
636,MAGNITE Running Shoes For Men,₹749,42% off
637,"Men Energy afterburn disruptor for multiple sports ,fas...","₹1,212",51% off
638,"Casual, Partywear, Stylish Loafers For Men",₹349,65% off
639,Jungle Boots - Oil Stain & Water Resistant - Extra Soft...,"₹1,180",37% off
640,CARLIN Slip On Sneakers For Men,"₹1,483",42% off
641,Royal Look Monk Strap Shoes For Men Casual Shoes For Me...,₹629,51% off
642,Outdoors For Men,"₹1,921",54% off
643,Boots For Men,₹429,57% off
644,Black Stylish Partywear Casual Shoes Bellies For Women,₹199,80% off
645,VIBGYOR Running Shoes For Men,"₹1,049",25% off
646,Training & Gym Shoes For Men,₹500,66% off
647,Running Shoes For Men,₹249,75% off
648,BILLINGTON Running Shoes For Men,"₹1,533",53% off
649,Hiking & Trekking Shoes For Men,"₹2,091",46% off
650,Wind-Raiser M Running Shoes For Men,"₹1,929",46% off
651,Boots For Men,₹499,50% off
652,Go Flex 2 Walking Shoes For Men,"₹3,167",51% off
653,GEL-ZARACA 5 B Running Shoes For Men,"₹2,300",53% off
654,Running Shoes For Men,"₹1,429",63% off
655,"Spider-01 White Sports,Casual,Walking,Gym, Running Shoe...","₹1,149",42% off
656,Men's Ultraforce Mid-top Athletic-Inspired Retro Fashio...,"₹1,149",54% off
657,Outdoors For Men,"₹2,625",44% off
658,Original Luxury Branded Fashionable Men's Casual Walkin...,₹424,78% off
659,Mesh Sports Walking Shoes For Men,₹249,50% off
660,Men's Ultraforce Mid-top Athletic-Inspired Retro Fashio...,"₹1,149",54% off
661,Loafers For Men,"₹1,689",71% off
662,Running Shoes For Women,₹438,56% off
663,For Men,₹269,86% off
664,Oxygen Running Shoes For Men,₹394,60% off
665,Badminton Shoes For Men,"₹1,280",31% off
666,EOS Running Shoes For Men,₹997,41% off
667,Crystal-13 Black sky Sports Transparent Sole Technology...,"₹1,348",41% off
668,TYSON PRO Running Shoes For Men,₹768,40% off
669,CARIO MOCC Slip On For Men,"₹1,299",48% off
670,Fitness 24/7 Running Shoes For Men,"₹1,698",48% off
671,Running Shoes Running Shoes For Men,₹209,79% off
672,ROC PRO Running Shoes For Men,₹997,37% off
673,BOSS-SAIL Slip On For Men,₹789,21% off
674,Jungle Boots - Oil Stain & Water Resistant - Extra Soft...,"₹1,180",37% off
675,Rider-01 White Running Shoes for Men I Sport Shoes for ...,"₹1,148",42% off
676,Sneakers For Men,"₹1,174",53% off
677,Casuals For Men,"₹2,426",39% off
678,Easy Vulc 2.0 Sneakers For Men,"₹1,773",53% off
679,Missile-01 grey Running Shoes for Men I Sport Shoes for...,"₹1,248",37% off
680,SIMON PRO Casuals For Men,₹808,46% off
681,"Skypy-31 Walking Shoes,Training Shoes,Sneakers,Loafers,...",₹448,43% off
682,Puma Smash v2 Buck Sneakers For Men,"₹1,734",50% off
683,"Spider-01 White Sports,Casual,Walking,Gym, Running Shoe...","₹1,149",42% off
684,Rebound Future Evo Sneakers For Men,"₹2,679",61% off
685,Sneakers For Men,"₹1,621",35% off
686,Women's Mesh Sports Shoes Walking Running Shoes For Wom...,₹398,60% off
687,Boots For Men,₹429,57% off
688,CALIFORNIA Running Shoes For Men,"₹1,241",34% off
689,Running Shoes For Men,₹997,63% off
690,"Delta-20 Slateblue Sports,Casual,Walking,Gym, Running S...",₹699,46% off
691,Running Shoes For Men,₹249,75% off
692,SYRUS Running shoes Running Shoes For Men,₹803,46% off
693,ULTRA FLEX 2.0 - LITEWILDE Running Shoes For Men,"₹2,425",51% off
694,Trackracer 2.0 Running Shoes For Men,"₹1,804",48% off
695,Crystal-13 Black sky Sports Transparent Sole Technology...,"₹1,348",41% off
696,Sprintfit Running Shoes For Men,"₹1,327",48% off
697,Mesh Lace-Up Sports/Walking/Outdoor/Running Shoes For M...,₹444,86% off
698,Casuals For Men,"₹2,706",32% off
699,Boots For Men,₹499,50% off
700,"Casual , Partywear Sneakers Shoes For Men's And Boys Lo...",₹347,65% off
701,Corporate Casuals For Men,"₹2,046",41% off
702,High Quality Protection Leather Jungle Boots Boots For ...,₹489,38% off
703,Rider-01 White Running Shoes for Men I Sport Shoes for ...,"₹1,148",42% off
704,Casuals For Men,"₹2,036",46% off
705,Perfect Jaipuri Stylish Wedding Casual Girls Shoes Bell...,₹233,76% off
706,"Plasma-05 White Sports,Walking,Casual, Running Shoes Fo...",₹549,56% off
707,For Men,₹269,86% off
708,Bouncer-05 Running shoes for boys | sports shoes for me...,₹523,47% off
709,Running Shoes For Men,₹698,46% off
710,WATERPROOF-05cFULLWHITE Walking Shoes For Men,₹549,45% off
711,Mesh Sports Walking Shoes For Men,₹249,50% off
712,CRUNCH Running Shoes For Men,₹669,25% off
713,GEL-Quantum 90 Running Shoes For Men,"₹3,069",52% off
714,Ampligy M Running Shoes For Men,"₹2,017",56% off
715,Casuals For Men,₹269,73% off
716,Badminton Shoes For Men,"₹1,939",44% off
717,INDI BOOT High Tops For Men,"₹1,069",69% off
718,MOZANO Casuals For Men,"₹1,245",65% off
719,Missile-01 grey Running Shoes for Men I Sport Shoes for...,"₹1,248",37% off
720,Epic Distance Running Shoes For Men,"₹1,489",46% off
721,CESTER (N) Running Shoes For Men,"₹1,049",19% off
722,Aart Core Sneakers For Men,₹969,67% off
723,Boots For Men,₹429,57% off
724,Casuals For Men,"₹1,573",43% off
725,ELITE FLEX Sneakers For Men,"₹2,920",51% off
726,Flex R Dual Sneakers For Men,"₹1,355",64% off
727,Running Shoes For Men,₹249,75% off
728,Sneakers For Men,"₹1,499",58% off
729,Running Shoes For Women,₹442,55% off
730,EMERGO RUNNER Running Shoes For Men,"₹1,433",48% off
731,"Spider-01 White Sports,Casual,Walking,Gym, Running Shoe...","₹1,149",42% off
732,SHAWN Running Shoes For Men,₹969,35% off
733,Running Shoes For Men,"₹1,509",63% off
734,FLYING FURY Running Shoes For Men,"₹1,240",27% off
735,Boots For Men,₹499,50% off
736,New Design Lightweight Stylish and Tredy Sports Walking...,₹249,75% off
737,Fly Star Running Shoes For Men,"₹1,544",67% off
738,COURTSMASH Tennis Shoes For Men,"₹3,309",40% off
739,For Men,₹269,86% off
740,REEBOK GENESIS RUNNER Running Shoes For Men,"₹1,677",53% off
741,High Tops For Men,"₹2,029",49% off
742,AIR DYNAMIGHT - WINLY Sneakers For Men,"₹2,342",57% off
743,Crystal-13 Black sky Sports Transparent Sole Technology...,"₹1,348",41% off
744,Lazy Knit Slip On Slip On Sneakers For Men,"₹1,479",50% off
745,Royal Look Zipped Boots For Men ll Casual Shoes For Men...,₹629,51% off
746,Sneakers For Men,₹381,61% off
747,Mesh Sports Walking Shoes For Men,₹249,50% off
748,SUPREMIUM RUN LP Running Shoes For Women,"₹1,609",55% off
749,PERIS Casuals For Men,"₹1,317",45% off
750,SOLAR BOOST 3 M Running Shoes For Men,"₹6,699",58% off
751,Rider-01 White Running Shoes for Men I Sport Shoes for ...,"₹1,148",42% off
752,Pictor M Running Shoes For Men,"₹1,827",61% off
753,Fly.By Mid 2 Basketball Shoes For Men,"₹2,410",51% off
754,RUNWAY Running Shoes For Men,"₹1,764",46% off
755,Missile-01 grey Running Shoes for Men I Sport Shoes for...,"₹1,248",37% off
756,Precision 5 Basketball Shoes For Men,"₹3,301",39% off
757,Flash Badminton Shoes For Men,₹645,39% off
758,Duke Running Shoes For Men,"₹1,989",50% off
759,Hustle V2 Wns Running Shoes For Women,"₹1,139",71% off
760,Easywalk-08 Running shoes for boys |sports shoes for me...,₹648,35% off
761,Century-04 Running shoes for boys | sports shoes for me...,₹449,55% off
762,Waterproof-03 sports shoes for men | Latest Stylish Cas...,₹548,45% off
763,SHOWTHEWAY 2.0 Running Shoes For Men,"₹2,699",46% off
764,X-Ray 2 Square Sneakers For Men,"₹3,659",47% off
765,Loafers For Men,"₹1,746",41% off
766,Rocky Boots For Men Boots For Men,₹509,60% off
767,Climber Boots For Men,₹349,65% off
768,Mirage Sport Remix Sneakers For Men,"₹3,279",63% off
769,Stride Runner W Running Shoes For Women,₹988,47% off
770,GS CRAFTON Running Shoes For Men,"₹1,669",61% off
771,Adi Classic M Running Shoes For Men,"₹1,274",49% off
772,SCORE II SL Running Shoes For Men,₹929,73% off
773,GS CRAFTON Running Shoes For Men,"₹1,632",62% off
774,ULTRA FLEX 2.0 - LITEWILDE Running Shoes For Men,"₹2,425",51% off
775,Halicon M Running Shoes For Men,"₹2,039",46% off
776,Glister Badminton Shoes For Men,"₹1,437",37% off
777,Men Synthetic Leather Office Black Formal Shoes Slip On...,₹394,60% off
778,Casuals For Men,"₹1,554",35% off
779,Sneakers For Men,"₹1,429",64% off
780,Sneakers For Men,"₹1,279",63% off
781,Casuals For Men,"₹1,872",46% off
782,Blend Sneakers For Men,"₹1,539",48% off
783,STRIDE WALKER W Walking Shoes For Women,"₹1,273",44% off
784,Renew Ride 2 Running Shoes For Men,"₹3,606",39% off
785,Revolution 6 Next Nature Road s Running Shoes For Men,"₹2,203",40% off
786,Flex Experience Run 9 Running Shoes For Men,"₹3,696",26% off
787,Upcourt 4 Running Shoes For Men,"₹2,649",41% off
788,RENEGADE Running Shoes For Men,"₹1,445",34% off
789,EXPLORE Running Shoes For Men,₹999,47% off
790,Ultra Flex 2.0 - Litewilde Running Shoes For Men,"₹2,425",51% off
791,Downshifter 10 Running Shoes For Men,"₹2,946",26% off
792,Slip On Sneakers For Men,₹191,61% off
793,Sneakers For Men,₹549,57% off
794,Sneakers For Men,"₹1,279",63% off
795,Outdoor Casual Boots for Mens Boots For Men,₹420,57% off
796,Casuals For Men,"₹1,724",61% off
797,Bellies For Women,₹339,66% off
798,Captain-12 Running shoes for boys | sports shoes for me...,₹548,45% off
799,NikeCourt Zoom Lite 3 Men's Hard Court Tennis Shoes Ten...,"₹3,537",37% off
800,Running Shoes For Men,₹997,63% off
801,"Blade-10 White Sports,Casual,Walking,Training, Running ...",₹599,60% off
802,Court Vision Low Basketball Shoes For Men,"₹2,996",40% off
803,Boots For Men,₹429,57% off
804,EMERGO RUNNER Running Shoes For Men,"₹1,433",48% off
805,Running Shoes For Men,₹997,66% off
806,Kezar Laceless Walking Shoes For Men,"₹1,773",53% off
807,Running Shoes For Men,₹249,75% off
808,Casuals For Men,"₹2,706",32% off
809,Sneakers Sneakers For Men,₹158,84% off
810,Casuals For Men,"₹2,637",32% off
811,"Spider-01 White Sports,Casual,Walking,Gym, Running Shoe...","₹1,149",42% off
812,AMCAM Loafers For Men,"₹1,429",28% off
813,NIGEL 2.0 Slip On Sneakers For Men,"₹1,281",64% off
814,Renew Ride 2 's Running Shoes For Women,"₹4,037",32% off
815,Boots For Men,₹499,50% off
816,EMERGO RUNNER Running Shoes For Men,"₹1,433",48% off
817,WYNK Running Shoes For Men,₹768,40% off
818,Flex Experience Run 10 Running Shoes For Men,"₹2,409",51% off
819,For Men,₹269,86% off
820,Go Run Fast Running Shoes For Men,"₹2,672",51% off
821,FRAIZER M Running Shoes For Men,"₹1,805",62% off
822,PERIS Casuals For Men,"₹1,382",42% off
823,Crystal-13 Black sky Sports Transparent Sole Technology...,"₹1,348",41% off
824,FILA Mens Black Shoe Running Shoes For Men,"₹1,419",59% off
825,Marsh Cricket Shoes For Men,"₹1,236",38% off
826,STYLISH MENS BLACK SNEAKER Sneakers For Men,₹449,70% off
827,Mesh Sports Walking Shoes For Men,₹249,50% off
828,Casuals For Men,"₹2,036",46% off
829,Sneakers For Men,"₹1,174",53% off
830,SHP3008 Loafers For Men,₹649,61% off
831,Rider-01 White Running Shoes for Men I Sport Shoes for ...,"₹1,148",42% off
832,Canvas Shoes For Men,"₹1,554",35% off
833,Bellies For Women,₹339,66% off
834,Revolution 6 Next Nature Road s Running Shoes For Men,"₹3,645",1% off
835,Casuals For Men,₹269,73% off
836,Running Shoes For Men,"₹3,167",51% off
837,EARTH Running Shoes For Men,₹705,41% off
838,REEBOK RUNNER 4.0 Running Shoes For Men,"₹2,900",51% off
839,Missile-01 grey Running Shoes for Men I Sport Shoes for...,"₹1,248",37% off
840,School Sports 2 MS Running Shoes For Men,"₹1,857",48% off
841,Runmagica M Running Shoes For Men,"₹1,682",60% off
842,"Loafers, Running Shoes, Sports Shoes, Lightweight Lace ...",₹370,62% off
843,Quest 4 Road s Running Shoes For Men,"₹3,606",39% off
844,Waterproof-03 sports shoes for men | Latest Stylish Cas...,₹548,45% off
845,ZYNGA Running Shoes For Men,₹997,33% off
846,GO WALK EVOLUTION ULTRA-INTER Walking Shoes For Men,"₹2,821",51% off
847,STONIC Running Shoes For Men,₹924,38% off
848,x KL Denver Casuals For Men,"₹2,015",49% off
849,Sneakers For Men,"₹2,106",41% off
850,Casuals For Men,"₹1,961",39% off
851,Casual Sneakers Shoes For Men Sneakers For Men,₹499,50% off
852,Loafers For Men,₹449,82% off
853,Synthetic Leather Casual Sneaker shoes for Women/girls ...,₹301,69% off
854,Walking Shoes For Men,"₹1,554",78% off
855,Running Shoes For Men,"₹1,576",78% off
856,Football Shoes For Men,₹997,46% off
857,Running Shoes For Men,₹369,63% off
858,"Stylish and Trendy New Design Lightweight, Breathable W...",₹234,53% off
859,Walking Shoes For Men,"₹1,370",72% off
860,PRIM-RUN M Running Shoes For Men,"₹1,823",65% off
861,EUROPA Running Shoes For Men,₹833,35% off
862,Outdoors For Men,"₹4,245",1% off
863,Men's Ultraforce Mid-top Athletic-Inspired Retro Fashio...,"₹1,149",54% off
864,Outdoor For Men,"₹2,286",41% off
865,Loafers For Men,"₹1,689",71% off
866,SIMON PRO Casuals For Men,₹808,46% off
867,Riya-21 sports shoes for women | Running shoes for girl...,₹306,37% off
868,Go Walk Evolution Ultra-Impec Walking Shoes For Men,"₹2,672",51% off
869,PERIS Casuals For Men,"₹1,317",45% off
870,REMO 28 M1 Lace Up For Men,₹653,18% off
871,Revolution 4 Running Shoes For Men,"₹1,749",52% off
872,Morgan Derby Derby For Men,₹921,48% off
873,Delta-14 sports shoes for men | Latest Stylish Casual s...,₹698,46% off
874,STYLISH LIGHT WEIGHT SPORTS SHOES FOR BOYS Slip On Snea...,₹389,70% off
875,Nike Air Max Alpha Trainer 4 Men's Training Shoes Train...,"₹4,482",37% off
876,Puma Turin II Sneakers For Men,"₹1,441",69% off
877,CLARKIN Corporate Casuals For Men,"₹1,719",42% off
878,Casual Sneakrs For Men Sneakers For Men,₹549,57% off
879,X Racer Sneakers For Men,"₹4,680",57% off
880,Boots For Men,₹489,38% off
881,ARCH FIT ROAD WALKER Walking Shoes For Women,"₹2,069",58% off
882,Clinch-X M Running Shoes For Men,"₹1,299",51% off
883,"Spider-01 White Sports,Casual,Walking,Gym, Running Shoe...","₹1,149",42% off
884,Bouncer-01 Running shoes for boys | sports shoes for me...,₹499,50% off
885,IDENTITY FLEX XTREME LP Training & Gym Shoes For Men,"₹2,001",49% off
886,RODEO PRO Running Shoes For Men,₹833,35% off
887,Running Shoes For Men,₹249,75% off
888,Badminton Shoes For Men,"₹2,245",42% off
889,FLATTER Running Shoes For Men,"₹1,699",32% off
890,METEOR Running Shoes For Men,₹768,40% off
891,Crystal-13 Black sky Sports Transparent Sole Technology...,"₹1,348",41% off
892,Superwalk-01 laceless sports shoes for men | Latest Sty...,₹548,45% off
893,LYTECOURT Sneakers For Men,"₹2,469",45% off
894,EQUALIZER 4.0 - GENERATION Casuals For Men,"₹2,672",51% off
895,Boots For Men,₹499,50% off
896,Loafers For Men,₹449,82% off
897,Casuals For Men,₹444,77% off
898,Casuals For Men,"₹2,291",34% off
899,Rider-01 White Running Shoes for Men I Sport Shoes for ...,"₹1,148",42% off
900,Maka Wns Running Shoes For Men,"₹2,324",48% off
901,Go Walk Evolution Ultra-Jaunt Walking Shoes For Men,"₹2,821",51% off
902,CRYSTA Running Shoes For Men,₹684,34% off
903,Casuals For Men,₹269,73% off
904,Run Running Shoes For Men,₹997,35% off
905,Nike Fly.By Mid 3 Basketball Shoes Basketball Shoes For...,"₹3,096",38% off
906,Running Shoes For Men,₹997,63% off
907,Mesh Sports Walking Shoes For Men,₹249,50% off
908,MAX CUSHIONING ARCH FIT -ENIG Walking Shoes For Men,"₹4,599",38% off
909,Tru Smart 7001 Rocky Running Shoes For Men,"₹1,294",56% off
910,Oxford For Men,₹869,65% off
911,For Men,₹269,86% off
912,Puma Smash Vulc Sneakers For Men,"₹1,424",62% off
913,AMCAM Loafers For Men,"₹1,429",28% off
914,Casuals For Men,"₹2,706",32% off
915,Missile-01 grey Running Shoes for Men I Sport Shoes for...,"₹1,248",37% off
916,Sneakers For Men,"₹1,429",64% off
917,Casuals For Men,"₹2,637",32% off
918,Running Shoes For Women,₹442,55% off
919,Hustle V2 Wns Running Shoes For Women,"₹1,139",71% off
920,Loafers For Men,₹544,79% off
921,Casuals For Men,₹209,79% off
922,Slip On Sneakers For Men,₹186,81% off
923,Classigy W Running Shoes For Women,"₹1,352",45% off
924,RC3499 Lace Up For Men,"₹1,459",59% off
925,Amerigo III SL Walking Shoe For Men,₹929,66% off
926,Go Walk Max-Deed Walking Shoes For Men,"₹2,425",51% off
927,COUNTRY RIDE 2.0 Running Shoes For Men,"₹2,013",53% off
928,Walking Shoes For Men,₹519,74% off
929,"Sports Shoes,Running Shoes, Lace Up, Gym Shoes, Top Rat...",₹249,50% off
930,Effect Runner Running Shoes For Men,"₹3,749",1% off
931,GEL-CONTEND 4B+ Running Shoes For Men,"₹1,625",53% off
932,Sneakers For Men,"₹1,286",35% off
933,"Stylish Comfortable Lightweight, Breathable Walking Sho...",₹289,71% off
934,Respin SL Sneakers For Men,"₹3,264",49% off
935,X-Ray 2 Square Sneakers For Men,"₹2,857",59% off
936,Casuals For Men,"₹1,284",55% off
937,LISA V (N) Running Shoes For Women,₹539,28% off
938,Horizon - Cipher Running Shoes For Men,"₹3,190",64% off
939,Running Shoes For Men,₹997,63% off
940,Airsocks-12 sports shoes for men | Latest Stylish Casua...,₹599,60% off
941,STINGRAY (Collector's Edition) Running Shoes For Men,"₹1,839",31% off
942,CRUNCH Running Shoes For Men,₹669,25% off
943,Fashion and Stylish Soft Ultralight Lace Up Sneakers Ca...,₹374,62% off
944,CHICAGO Running Shoes For Men,"₹1,719",14% off
945,RODEO PRO Running Shoes For Men,₹859,33% off
946,Simha Sneakers For Men,"₹1,479",50% off
947,Corporate Casuals For Men,"₹2,046",41% off
948,PANAL Sneakers For Men,"₹1,719",42% off
949,KLAVAN Sneakers For Men,"₹1,335",59% off
950,INDI WISH Sneakers For Men,"₹1,229",69% off
951,Walking Shoes For Women,₹449,55% off
952,GALAXY 5 NEW Running Shoes For Men,"₹2,699",46% off
953,Sports Shoes Training & Gym Shoes For Men,"₹1,349",55% off
954,FLYING FURY Running Shoes For Men,"₹1,240",27% off
955,Court Royale 2 Next Nature Tennis Shoes For Men,"₹2,386",40% off
956,SOLAR BOOST 3 M Running Shoes For Men,"₹6,699",58% off
957,Pacer Future Classic Running Shoes For Men,"₹3,129",47% off
958,Flash Badminton Shoes For Men,₹645,39% off
959,EMERGO RUNNER Running Shoes For Men,"₹1,433",48% off
960,Ankle Length Stylish Boots For Men,₹576,42% off
961,Men Black Long Corporate Casuals For Men,"₹2,326",33% off
962,High Tops For Men,"₹2,029",49% off
963,Sneakers For Men,"₹1,229",69% off
964,TELLER High Tops For Men,"₹1,533",65% off
965,ARCH FIT ROAD WALKER Walking Shoes For Women,"₹2,069",58% off
966,Court Royale 2 Next Nature Tennis Shoes For Men,"₹2,386",40% off
967,Pacer Future Classic Running Shoes For Men,"₹3,129",47% off
968,NRGY Neko Retro Running Shoes For Men,"₹2,409",59% off
969,Fashion and Stylish Soft Ultralight Lace Up Sneakers Ca...,₹374,62% off
970,SOLAR BOOST 3 M Running Shoes For Men,"₹6,699",58% off
971,FLATTER Running Shoes For Men,"₹1,699",32% off
972,GALAXY 5 NEW Running Shoes For Men,"₹2,699",46% off
973,EMERGO RUNNER Running Shoes For Men,"₹1,433",48% off
974,Clifton 2.0 Outdoors For Men,₹461,75% off
975,RS-X Twill AirMesh Sneakers For Men,"₹3,649",63% off
976,RS-X Pop Sneakers For Men,"₹3,649",63% off
977,Casuals For Men,"₹1,864",42% off
978,AIR DYNAMIGHT - WINLY Sneakers For Men,"₹2,342",57% off
979,Classigy W Running Shoes For Women,"₹1,352",45% off
980,"Waterproof-13 Grey Orange Sports,Casual,Walking,Gym,Tra...",₹599,53% off
981,JFWNOLAN STRIPER KNIT SLIP ON Walking Shoes For Men,₹759,74% off
982,Smart Trek Running Shoes For Men,"₹1,773",53% off
983,Future-04 laceless sports shoes for men | Latest Stylis...,₹448,35% off
984,CESTER (N) Running Shoes For Men,"₹1,104",15% off
985,CARBONITE 4.0 Football Shoes For Men,₹502,40% off
986,Epic Distance Running Shoes For Men,"₹1,489",46% off
987,Sports Shoes;Walking Shoes; Running Shoes For Men,₹449,75% off
988,Athleisure Sneakers For Men,₹939,71% off
989,Street Icon M Sneakers For Men,"₹1,857",48% off
990,Sneakers For Men,"₹1,299",48% off
991,LINOREE High Tops For Men,"₹1,461",65% off
992,Flex R Dual Sneakers For Men,"₹1,355",64% off
993,"Stylish Comfortable Lightweight, Breathable Running Sho...",₹275,72% off
994,EVOK Running Shoes For Men,"₹1,224",27% off
995,Winflo 8 Road s Running Shoes For Men,"₹4,927",40% off
996,Run Steady M Running Shoes For Men,"₹3,076",41% off
997,GEL-COURTMOV Tennis Shoes For Men,"₹3,139",42% off
998,Football Shoes For Men,₹997,46% off
999,Running Shoes For Men,"₹1,509",63% off
